"Study_ID","Plot_ID","Year","Crop_species","ID","nutzungsidentifikator","nutzung_fr","id_cultu","Perim_m","Area_ha","Median_fieldsize_500m_ha","Median_fieldsize_1000m_ha","N-1","nutzungsidentifikator_N-1","nutzung_fr_N-1","id_cultu_N-1","N-2","nutzungsidentifikator_N-2","nutzung_fr_N-2","id_cultu_N-2","N-3","nutzungsidentifikator_N-3","nutzung_fr_N-3","id_cultu_N-3","N-4","nutzungsidentifikator_N-4","nutzung_fr_N-4","id_cultu_N-4"
"PestiRed","8.1",2023,"bet","PestiRed_8.1_2023",NA,"Betteraves sucrieres",582,542.604406764835,1.2214651610177,0.550883393147402,0.682138992639736,2022,NA,"Prairies extensives (sans les paturages)",554,2021,NA,"Prairies extensives (sans les paturages)",554,2020,NA,"Prairies extensives (sans les paturages)",554,2019,"rotation1719","Ble d'automne (sans ble fourrager de la liste swiss granum)",583
"PestiRed","8.2",2023,"bet","PestiRed_8.2_2023",NA,"Betteraves sucrieres",582,578.172441374734,1.17556003624033,0.642212227517366,0.725342308951798,2022,NA,"Paturages extensifs",547,2021,NA,"Paturages extensifs",547,2020,NA,"Paturages extensifs",547,2019,"rotation1719","Ble d'automne (sans ble fourrager de la liste swiss granum)",583
"PestiRed","10.1",2023,"bet","PestiRed_10.1_2023",NA,"Betteraves sucrieres",582,697.021862335591,0.997162802112009,1.61981228641877,1.42995759900138,2022,NA,"Jachere florale",602,2021,NA,"Jachere florale",602,2020,NA,"Jachere florale",602,2019,"rotation1719","Ble d'automne (sans ble fourrager de la liste swiss granum)",583
"PestiRed","10.2",2023,"bet","PestiRed_10.2_2023",NA,"Prairies artificielles (sans les paturages)",628,659.14295864429,1.49139712611437,1.50147226321101,1.45321530316928,2022,NA,"Paturages (paturages attenants a la ferme, autres paturages sauf les paturages d'estivage)",545,2021,NA,"Paturages (paturages attenants a la ferme, autres paturages sauf les paturages d'estivage)",545,2020,NA,"Paturages (paturages attenants a la ferme, autres paturages sauf les paturages d'estivage)",545,2019,"rotation1719","Seigle",633
"PestiRed","65.1",2021,"bet","PestiRed_65.1_2021","VD_2021_393129","Betteraves sucrieres",582,667.458291023918,2.55655343960768,0.978716735374532,1.15343863836564,2020,"VD_2021_466288","Prairies peu intensives (sans les paturages)",555,2019,"rotation1719","Tournesol destine a la fabrication d'huile comestible",642,2018,"rotation1719","Ble d'automne (sans ble fourrager de la liste swiss granum)",583,2017,"rotation1719","Prairies artificielles (sans les paturages)",628
"PestiRed","65.2",2021,"bet","PestiRed_65.2_2021","VD_2021_51402","Betteraves sucrieres",582,922.009601830277,5.18622297398075,1.32129768663077,1.16576336993374,2020,"VD_2021_51359","Prairies extensives (sans les paturages)",554,2019,"rotation1719","Tournesol destine a la fabrication d'huile comestible",642,2018,"rotation1719","Ble d'automne (sans ble fourrager de la liste swiss granum)",583,2017,"rotation1719","Soja",635
"PestiRed","85.1",2022,"bet","PestiRed_85.1_2022","1018916","Betteraves sucrieres",582,731.188392418208,1.2675634785485,1.01003338967187,0.944405045870505,2021,"372591","Prairies extensives (sans les paturages)",554,2020,NA,NA,NA,2019,"rotation1719","Prairies artificielles (sans les paturages)",628,2018,"rotation1719","Prairies artificielles (sans les paturages)",628
"PestiRed","85.2",2022,"bet","PestiRed_85.2_2022","1018891","Betteraves sucrieres",582,502.271078692045,1.06030080438107,1.00514711995497,0.911438190993667,2021,"814398","Autres prairies permanentes (sans les paturages)",549,2020,NA,NA,NA,2019,"rotation1719","Prairies artificielles (sans les paturages)",628,2018,"rotation1719","Prairies artificielles (sans les paturages)",628
"PestiRed","1.1",2023,"ble","PestiRed_1.1_2023",NA,"Ble d'automne (sans ble fourrager de la liste swiss granum)",583,468.787662504126,0.803265238786124,0.803265238786124,0.881420068928413,2022,NA,"Paturages (paturages attenants a la ferme, autres paturages sauf les paturages d'estivage)",545,2021,NA,"Paturages (paturages attenants a la ferme, autres paturages sauf les paturages d'estivage)",545,2020,NA,"Paturages (paturages attenants a la ferme, autres paturages sauf les paturages d'estivage)",545,2019,"rotation1719","Colza d'automne destine a la fabrication d'huile comestible",593
"PestiRed","1.2",2023,"ble","PestiRed_1.2_2023",NA,"Ble d'automne (sans ble fourrager de la liste swiss granum)",583,411.795206110205,0.839365729495883,1.0747227024287,1.01013667428087,2022,NA,"Paturages (paturages attenants a la ferme, autres paturages sauf les paturages d'estivage)",545,2021,NA,"Paturages (paturages attenants a la ferme, autres paturages sauf les paturages d'estivage)",545,2020,NA,"Paturages (paturages attenants a la ferme, autres paturages sauf les paturages d'estivage)",545,2019,"rotation1719","Colza d'automne destine a la fabrication d'huile comestible",593
"PestiRed","4.1",2021,"ble","PestiRed_4.1_2021","VD_2021_64855","Ble d'automne (sans ble fourrager de la liste swiss granum)",583,683.084428387914,2.72444606409587,0.734561036965554,0.881066370067481,2020,"VD_2021_185629","Triticale",643,2019,"rotation1719","Colza d'automne destine a la fabrication d'huile comestible",593,2018,"rotation1719","Ble d'automne (sans ble fourrager de la liste swiss granum)",583,2017,"rotation1719","Prairies artificielles (sans les paturages)",628
"PestiRed","4.2",2021,"ble","PestiRed_4.2_2021","VD_2021_428056","Ble d'automne (sans ble fourrager de la liste swiss granum)",583,484.842045453558,1.1218324701272,1.05254931640364,0.863188427023523,2020,"VD_2021_185629","Triticale",643,2019,"rotation1719","Prairies artificielles (sans les paturages)",628,2018,"rotation1719","Prairies artificielles (sans les paturages)",628,2017,"rotation1719","Epeautre",599
"PestiRed","5.1",2020,"ble","PestiRed_5.1_2020","142922","Autres prairies permanentes (sans les paturages)",549,528.215121163129,0.806650962291285,1.30589000320714,1.07555307125864,2019,"rotation1719","Colza d'automne destine a la fabrication d'huile comestible",593,2018,"rotation1719","Ble d'automne (sans ble fourrager de la liste swiss granum)",583,2017,"rotation1719","Mais d'ensilage et mais vert",609,2016,NA,NA,NA
"PestiRed","5.2",2020,"ble","PestiRed_5.2_2020","VD_2020_410227","Orge d'automne",619,1011.73099684727,4.73648205163507,0.995158972356375,0.832429342308547,2019,"rotation1719","Pommes de terre",627,2018,"rotation1719","Ble d'automne (sans ble fourrager de la liste swiss granum)",583,2017,"rotation1719","Colza d'automne destine a la fabrication d'huile comestible",593,2016,NA,NA,NA
"PestiRed","6.1",2022,"ble","PestiRed_6.1_2022","VD_2022_75430","Ble d'automne (sans ble fourrager de la liste swiss granum)",583,409.01704188749,1.00566318545784,0.814961174858734,0.901191025271779,2021,"VD_2022_169211","Prairies extensives (sans les paturages)",554,2020,"VD_2022_169211","Prairies extensives (sans les paturages)",554,2019,"rotation1719","Prairies artificielles (sans les paturages)",628,2018,"rotation1719","Orge d'automne",619
"PestiRed","6.2",2022,"ble","PestiRed_6.2_2022","VD_2022_75429","Ble d'automne (sans ble fourrager de la liste swiss granum)",583,446.207698324735,1.02647124538571,1.08608213747293,1.14735174195766,2021,"VD_2022_413984","Ble d'automne (sans ble fourrager de la liste swiss granum)",583,2020,"VD_2022_413984","Ble d'automne (sans ble fourrager de la liste swiss granum)",583,2019,"rotation1719","Ble d'automne (sans ble fourrager de la liste swiss granum)",583,2018,"rotation1719","Pois en grains (p.ex. pois proteagineux)",626
"PestiRed","9.1",2020,"ble","PestiRed_9.1_2020","VD_2020_110917","Jachere florale",602,568.362655631189,0.399944930904917,1.55518347628563,1.56463184560044,2019,"rotation1719","Tournesol destine a la fabrication d'huile comestible",642,2018,"rotation1719","Racines de chicoree",630,2017,"rotation1719","Betteraves sucrieres",582,2016,NA,NA,NA
"PestiRed","9.2",2020,"ble","PestiRed_9.2_2020","VD_2020_165185","Prairies extensives (sans les paturages)",554,689.294818657789,1.29467395852841,1.5030486255018,1.56463184560044,2019,"rotation1719","Colza d'automne destine a la fabrication d'huile comestible",593,2018,"rotation1719","Soja",635,2017,"rotation1719","Mais d'ensilage et mais vert",609,2016,NA,NA,NA
"PestiRed","11.1",2023,"ble","PestiRed_11.1_2023",NA,"Ble d'automne (sans ble fourrager de la liste swiss granum)",583,404.250543057946,0.806021713188291,0.855714459127537,0.802909716716642,2022,NA,"Paturages extensifs",547,2021,NA,"Paturages extensifs",547,2020,NA,"Paturages extensifs",547,2019,"rotation1719","Colza d'automne destine a la fabrication d'huile comestible",593
"PestiRed","11.2",2023,"ble","PestiRed_11.2_2023",NA,"Ble d'automne (sans ble fourrager de la liste swiss granum)",583,575.231841576272,1.50915936990017,1.08216407050246,1.00992027651183,2022,NA,"Prairies artificielles (sans les paturages)",628,2021,NA,"Prairies artificielles (sans les paturages)",628,2020,NA,"Prairies artificielles (sans les paturages)",628,2019,"rotation1719","Colza d'automne destine a la fabrication d'huile comestible",593
"PestiRed","12.1",2020,"ble","PestiRed_12.1_2020","VD_2020_100471","Ble d'automne (sans ble fourrager de la liste swiss granum)",583,511.816080672852,1.2882290200416,1.51993313917908,1.01320722034425,2019,"rotation1719","Mais d'ensilage et mais vert",609,2018,"rotation1719","Ble d'automne (sans ble fourrager de la liste swiss granum)",583,2017,"rotation1719","Prairies artificielles (sans les paturages)",628,2016,NA,NA,NA
"PestiRed","12.2",2020,"ble","PestiRed_12.2_2020","VD_2020_73538","Ble d'automne (sans ble fourrager de la liste swiss granum)",583,702.608582575666,1.29496015069932,1.15574064098739,1.24837975356028,2019,"rotation1719","Prairies artificielles (sans les paturages)",628,2018,"rotation1719","Prairies artificielles (sans les paturages)",628,2017,"rotation1719","Prairies artificielles (sans les paturages)",628,2016,NA,NA,NA
"PestiRed","56.1",2020,"ble","PestiRed_56.1_2020","GE_2020_172627","Ble d'automne (sans ble fourrager de la liste swiss granum)",583,595.527970212727,1.48296662301761,1.71924457263351,1.04893088316355,2019,"rotation1719","Colza d'automne destine a la fabrication d'huile comestible",593,2018,"rotation1719","Ble d'automne (sans ble fourrager de la liste swiss granum)",583,2017,"rotation1719","Tournesol destine a la fabrication d'huile comestible",642,2016,NA,NA,NA
"PestiRed","56.2",2020,"ble","PestiRed_56.2_2020","GE_2020_172630","Ble d'automne (sans ble fourrager de la liste swiss granum)",583,497.688767441031,1.27552992028617,1.36637168393284,0.644520351141598,2019,"rotation1719","Soja",635,2018,"rotation1719","Orge d'automne",619,2017,"rotation1719","Ble d'automne (sans ble fourrager de la liste swiss granum)",583,2016,NA,NA,NA
"PestiRed","57.1",2023,"ble","PestiRed_57.1_2023",NA,"Ble d'automne (sans ble fourrager de la liste swiss granum)",583,417.908245247681,1.01190880773247,1.08403881165272,0.770392928334689,2022,NA,"Ble d'automne (sans ble fourrager de la liste swiss granum)",583,2021,NA,"Ble d'automne (sans ble fourrager de la liste swiss granum)",583,2020,NA,"Ble d'automne (sans ble fourrager de la liste swiss granum)",583,2019,"rotation1719","Colza d'automne destine a la fabrication d'huile comestible",593
"PestiRed","57.2",2023,"ble","PestiRed_57.2_2023",NA,"Ble d'automne (sans ble fourrager de la liste swiss granum)",583,497.631854924452,1.02468189597157,1.44263665035171,1.44938815037133,2022,NA,"Mais d'ensilage et mais vert",609,2021,NA,"Mais d'ensilage et mais vert",609,2020,NA,"Mais d'ensilage et mais vert",609,2019,"rotation1719","Lentilles",606
"PestiRed","59.1",2022,"ble","PestiRed_59.1_2022","GE_2022_27720","Ble d'automne (sans ble fourrager de la liste swiss granum)",583,457.123168665795,1.0194140175309,0.59852541721616,0.59852541721616,2021,"GE_2022_13568","Vignes",645,2020,"GE_2022_13568","Vignes",645,2019,"rotation1719","Ble d'automne (sans ble fourrager de la liste swiss granum)",583,2018,"rotation1719","Soja",635
"PestiRed","59.2",2022,"ble","PestiRed_59.2_2022","GE_2022_13487","Ble d'automne (sans ble fourrager de la liste swiss granum)",583,513.904553984563,1.04207704753492,1.0016659295281,0.686130572746895,2021,"GE_2022_2711","Vignes",645,2020,"GE_2022_2711","Vignes",645,2019,"rotation1719","Ble d'automne (sans ble fourrager de la liste swiss granum)",583,2018,"rotation1719","Tournesol destine a la fabrication d'huile comestible",642
"PestiRed","63.1",2023,"ble","PestiRed_63.1_2023",NA,"Ble d'automne (sans ble fourrager de la liste swiss granum)",583,441.497109338844,1.05740827843117,0.605914417789504,0.885192189932009,2022,NA,"Betteraves sucrieres",582,2021,NA,"Betteraves sucrieres",582,2020,NA,"Betteraves sucrieres",582,2019,"rotation1719","Colza d'automne destine a la fabrication d'huile comestible",593
"PestiRed","63.2",2023,"ble","PestiRed_63.2_2023",NA,"Ble d'automne (sans ble fourrager de la liste swiss granum)",583,554.785832200302,1.06258876817953,0.955710637725983,0.926011741423543,2022,NA,"Betteraves sucrieres",582,2021,NA,"Betteraves sucrieres",582,2020,NA,"Betteraves sucrieres",582,2019,"rotation1719","Ble d'automne (sans ble fourrager de la liste swiss granum)",583
"PestiRed","64.1",2021,"ble","PestiRed_64.1_2021","GE_2021_5244","Prairies artificielles (sans les paturages)",628,507.385866816777,1.40454276559502,0.743360284773445,0.828103774471022,2020,"GE_2021_28328","Prairies extensives (sans les paturages)",554,2019,"rotation1719","Orge d'automne",619,2018,"rotation1719","Ble d'automne (sans ble fourrager de la liste swiss granum)",583,2017,"rotation1719","Colza d'automne destine a la fabrication d'huile comestible",593
"PestiRed","64.2",2021,"ble","PestiRed_64.2_2021","GE_2021_15386","Ble d'automne (sans ble fourrager de la liste swiss granum)",583,628.349426436795,1.43302644395642,1.4797349865783,0.588792433635047,2020,"GE_2021_15606","Prairies artificielles (sans les paturages)",628,2019,"rotation1719","Orge d'automne",619,2018,"rotation1719","Ble d'automne (sans ble fourrager de la liste swiss granum)",583,2017,"rotation1719","Colza d'automne destine a la fabrication d'huile comestible",593
"PestiRed","65.1",2023,"ble","PestiRed_65.1_2023",NA,"Ble d'automne (sans ble fourrager de la liste swiss granum)",583,667.458291023918,2.55655343960768,1.11431100717029,1.22637930271467,2022,NA,"Ble fourrager selon liste swiss granum",586,2021,NA,"Ble fourrager selon liste swiss granum",586,2020,NA,"Ble fourrager selon liste swiss granum",586,2019,"rotation1719","Tournesol destine a la fabrication d'huile comestible",642
"PestiRed","65.2",2023,"ble","PestiRed_65.2_2023",NA,"Prairies artificielles (sans les paturages)",628,925.753483878512,5.1880318970453,1.37682510085455,1.3501998335964,2022,NA,"Colza d'automne destine a la fabrication d'huile comestible",593,2021,NA,"Colza d'automne destine a la fabrication d'huile comestible",593,2020,NA,"Colza d'automne destine a la fabrication d'huile comestible",593,2019,"rotation1719","Tournesol destine a la fabrication d'huile comestible",642
"PestiRed","71.1",2020,"ble","PestiRed_71.1_2020",NA,NA,NA,NA,NA,0.271267501916038,0.337812922248384,2019,"rotation1719","Mais d'ensilage et mais vert",609,2018,"rotation1719","Triticale",643,2017,"rotation1719","Colza d'automne destine a la fabrication d'huile comestible",593,2016,NA,NA,NA
"PestiRed","71.2",2020,"ble","PestiRed_71.2_2020",NA,NA,NA,NA,NA,0.383812852629036,0.357760158282402,2019,"rotation1719","Mais d'ensilage et mais vert",609,2018,"rotation1719","Colza d'automne destine a la fabrication d'huile comestible",593,2017,"rotation1719","Ble d'automne (sans ble fourrager de la liste swiss granum)",583,2016,NA,NA,NA
"PestiRed","72.1",2020,"ble","PestiRed_72.1_2020",NA,NA,NA,NA,NA,0.240735146882912,0.284612977927143,2019,"rotation1719","Mais d'ensilage et mais vert",609,2018,"rotation1719","Epeautre",599,2017,"rotation1719","Colza d'automne destine a la fabrication d'huile comestible",593,2016,NA,NA,NA
"PestiRed","72.2",2020,"ble","PestiRed_72.2_2020",NA,NA,NA,NA,NA,0.240735146882912,0.285659308193065,2019,"rotation1719","Pommes de terre",627,2018,"rotation1719","Prairies artificielles (sans les paturages)",628,2017,"rotation1719","Prairies artificielles (sans les paturages)",628,2016,NA,NA,NA
"PestiRed","73.1",2020,"ble","PestiRed_73.1_2020",NA,NA,NA,NA,NA,0.198319095758366,0.295027139924839,2019,"rotation1719","Tournesol destine a la fabrication d'huile comestible",642,2018,"rotation1719","Ble d'automne (sans ble fourrager de la liste swiss granum)",583,2017,"rotation1719","Mais d'ensilage et mais vert",609,2016,NA,NA,NA
"PestiRed","73.2",2020,"ble","PestiRed_73.2_2020",NA,NA,NA,NA,NA,0.419996367844753,0.337595083791576,2019,"rotation1719","Betteraves sucrieres",582,2018,"rotation1719","Colza d'automne destine a la fabrication d'huile comestible",593,2017,"rotation1719","Ble d'automne (sans ble fourrager de la liste swiss granum)",583,2016,NA,NA,NA
"PestiRed","74.1",2020,"ble","PestiRed_74.1_2020",NA,NA,NA,NA,NA,0.287370877480507,0.230848097399622,2019,"rotation1719","Betteraves sucrieres",582,2018,"rotation1719","Pommes de terre",627,2017,"rotation1719","Prairies artificielles (sans les paturages)",628,2016,NA,NA,NA
"PestiRed","74.2",2020,"ble","PestiRed_74.2_2020","879475","avec des cereales ou de la cameline, au moins 30 % de lentilles lors de la recolte (pour la production de grains)",577,462.04402663161,0.102374103324302,0.234162756871805,0.234162756871805,2019,"rotation1719","Betteraves sucrieres",582,2018,"rotation1719","Pommes de terre",627,2017,"rotation1719","Mais d'ensilage et mais vert",609,2016,NA,NA,NA
"PestiRed","83.1",2023,"ble","PestiRed_83.1_2023",NA,"Ble d'automne (sans ble fourrager de la liste swiss granum)",583,299.898751849502,0.505675560449867,0.638474451840975,0.567589780599903,2022,NA,"Mais d'ensilage et mais vert",609,2021,NA,"Mais d'ensilage et mais vert",609,2020,NA,NA,NA,2019,"rotation1719","Prairies artificielles (sans les paturages)",628
"PestiRed","83.2",2023,"ble","PestiRed_83.2_2023",NA,"Ble d'automne (sans ble fourrager de la liste swiss granum)",583,1024.1426736577,1.21603548023666,0.708587686052825,0.574075698318204,2022,NA,"Mais d'ensilage et mais vert",609,2021,NA,"Mais d'ensilage et mais vert",609,2020,NA,NA,NA,2019,"rotation1719","Epeautre",599
"PestiRed","85.1",2023,"ble","PestiRed_85.1_2023",NA,"Ble d'automne (sans ble fourrager de la liste swiss granum)",583,731.188392418208,1.2675634785485,0.994739670466862,0.911438190993667,2022,NA,"Colza d'automne destine a la fabrication d'huile comestible",593,2021,NA,"Colza d'automne destine a la fabrication d'huile comestible",593,2020,NA,NA,NA,2019,"rotation1719","Prairies artificielles (sans les paturages)",628
"PestiRed","85.2",2023,"ble","PestiRed_85.2_2023",NA,"Ble d'automne (sans ble fourrager de la liste swiss granum)",583,482.760198536434,0.956733628801256,1.01003338967187,0.913413171787246,2022,NA,"Colza d'automne destine a la fabrication d'huile comestible",593,2021,NA,"Colza d'automne destine a la fabrication d'huile comestible",593,2020,NA,NA,NA,2019,"rotation1719","Prairies artificielles (sans les paturages)",628
"PestiRed","86.1",2021,"ble","PestiRed_86.1_2021","902606","Ble d'automne (sans ble fourrager de la liste swiss granum)",583,483.803858761489,1.46982425523084,1.12238177851178,0.804809385947883,2020,NA,NA,NA,2019,"rotation1719","Mais d'ensilage et mais vert",609,2018,"rotation1719","Prairies artificielles (sans les paturages)",628,2017,"rotation1719","Prairies artificielles (sans les paturages)",628
"PestiRed","86.2",2021,"ble","PestiRed_86.2_2021","902613","Ble d'automne (sans ble fourrager de la liste swiss granum)",583,440.595637379359,1.05771215805318,1.28311330679497,0.85084152368647,2020,NA,NA,NA,2019,"rotation1719","Mais d'ensilage et mais vert",609,2018,"rotation1719","Prairies artificielles (sans les paturages)",628,2017,"rotation1719","Prairies artificielles (sans les paturages)",628
"PestiRed","87.1",2021,"ble","PestiRed_87.1_2021","912403","Ble fourrager selon liste swiss granum",586,545.456510420222,1.72928893967271,1.5370712346524,1.09806762581994,2020,NA,NA,NA,2019,"rotation1719","Ble d'automne (sans ble fourrager de la liste swiss granum)",583,2018,"rotation1719","Tournesol destine a la fabrication d'huile comestible",642,2017,"rotation1719","Ble d'automne (sans ble fourrager de la liste swiss granum)",583
"PestiRed","87.2",2021,"ble","PestiRed_87.2_2021","912313","Ble d'automne (sans ble fourrager de la liste swiss granum)",583,517.305798793902,0.748227067685872,0.457336376468177,0.619430035978183,2020,NA,NA,NA,2019,"rotation1719","Ble d'automne (sans ble fourrager de la liste swiss granum)",583,2018,"rotation1719","Tournesol destine a la fabrication d'huile comestible",642,2017,"rotation1719","Mais d'ensilage et mais vert",609
"PestiRed","88.1",2021,"ble","PestiRed_88.1_2021","917874","Ble d'automne (sans ble fourrager de la liste swiss granum)",583,464.852303248483,1.19478256978989,0.457336376468177,0.554816527328308,2020,NA,NA,NA,2019,"rotation1719","Ble d'automne (sans ble fourrager de la liste swiss granum)",583,2018,"rotation1719","Quinoa",629,2017,"rotation1719","Orge d'automne",619
"PestiRed","88.2",2021,"ble","PestiRed_88.2_2021","917844","Ble d'automne (sans ble fourrager de la liste swiss granum)",583,606.275988515323,1.20102245568931,1.20092058748007,0.962929511036538,2020,NA,NA,NA,2019,"rotation1719","Colza d'automne destine a la fabrication d'huile comestible",593,2018,"rotation1719","Pois en grains (p.ex. pois proteagineux)",626,2017,"rotation1719","Avoine",578
"PestiRed","89.1",2021,"ble","PestiRed_89.1_2021","908802","Ble d'automne (sans ble fourrager de la liste swiss granum)",583,595.783088274898,2.32227234473061,0.879146572320862,0.94181693345441,2020,NA,NA,NA,2019,"rotation1719","Betteraves sucrieres",582,2018,"rotation1719","Ble d'automne (sans ble fourrager de la liste swiss granum)",583,2017,"rotation1719","Prairies artificielles (sans les paturages)",628
"PestiRed","89.2",2021,"ble","PestiRed_89.2_2021","908809","Ble d'automne (sans ble fourrager de la liste swiss granum)",583,341.051194799458,0.509670147999539,0.61474076916026,0.94181693345441,2020,NA,NA,NA,2019,"rotation1719","Betteraves sucrieres",582,2018,"rotation1719","Mais d'ensilage et mais vert",609,2017,"rotation1719","Prairies extensives (sans les paturages)",554
"PestiRed","2.1",2021,"col","PestiRed_2.1_2021","VD_2021_122433","Colza d'automne destine a la fabrication d'huile comestible",593,353.613795560227,0.645760279581696,0.897897275219887,0.935323168827058,2020,"VD_2021_11559","Paturages (paturages attenants a la ferme, autres paturages sauf les paturages d'estivage)",545,2019,"rotation1719","Betteraves sucrieres",582,2018,"rotation1719","Ble d'automne (sans ble fourrager de la liste swiss granum)",583,2017,"rotation1719","Colza d'automne destine a la fabrication d'huile comestible",593
"PestiRed","2.2",2021,"col","PestiRed_2.2_2021","VD_2021_403948","Colza d'automne destine a la fabrication d'huile comestible",593,494.309880190169,0.645480983210355,0.752743830957948,0.821965250312467,2020,"VD_2021_439998","Mais d'ensilage et mais vert",609,2019,"rotation1719","Mais d'ensilage et mais vert",609,2018,"rotation1719","Ble d'automne (sans ble fourrager de la liste swiss granum)",583,2017,"rotation1719","Colza d'automne destine a la fabrication d'huile comestible",593
"PestiRed","4.1",2023,"col","PestiRed_4.1_2023",NA,"Colza d'automne destine a la fabrication d'huile comestible",593,683.084428387914,2.72444606409587,1.08263524367362,1.03142081406412,2022,NA,"Paturages extensifs",547,2021,NA,"Paturages extensifs",547,2020,NA,"Paturages extensifs",547,2019,"rotation1719","Colza d'automne destine a la fabrication d'huile comestible",593
"PestiRed","4.2",2023,"col","PestiRed_4.2_2023",NA,"Colza d'automne destine a la fabrication d'huile comestible",593,484.842045453558,1.1218324701272,1.1218324701272,1.10226754723229,2022,NA,"Autres prairies permanentes (sans les paturages)",549,2021,NA,"Autres prairies permanentes (sans les paturages)",549,2020,NA,"Autres prairies permanentes (sans les paturages)",549,2019,"rotation1719","Prairies artificielles (sans les paturages)",628
"PestiRed","5.1",2022,"col","PestiRed_5.1_2022","142922","Autres prairies permanentes (sans les paturages)",549,528.215121163129,0.806650962291285,1.30864399971953,1.13462467468809,2021,NA,NA,NA,2020,NA,NA,NA,2019,"rotation1719","Colza d'automne destine a la fabrication d'huile comestible",593,2018,"rotation1719","Ble d'automne (sans ble fourrager de la liste swiss granum)",583
"PestiRed","5.2",2022,"col","PestiRed_5.2_2022","VD_2022_410227","Prairies artificielles (sans les paturages)",628,1011.73099684727,4.73648205163507,0.995158972356375,0.830831700007618,2021,NA,NA,NA,2020,NA,NA,NA,2019,"rotation1719","Pommes de terre",627,2018,"rotation1719","Ble d'automne (sans ble fourrager de la liste swiss granum)",583
"PestiRed","9.1",2022,"col","PestiRed_9.1_2022","VD_2022_110917","Jachere florale",602,568.362655631189,0.399944930904917,1.67741437131595,1.60731832706946,2021,"VD_2022_430000","Colza d'automne destine a la fabrication d'huile comestible",593,2020,"VD_2022_430000","Colza d'automne destine a la fabrication d'huile comestible",593,2019,"rotation1719","Tournesol destine a la fabrication d'huile comestible",642,2018,"rotation1719","Racines de chicoree",630
"PestiRed","9.2",2022,"col","PestiRed_9.2_2022","VD_2022_165185","Prairies extensives (sans les paturages)",554,689.294818657789,1.29467395852841,1.77935007262006,1.70704909582092,2021,"VD_2022_471530","Mais d'ensilage et mais vert",609,2020,"VD_2022_471530","Mais d'ensilage et mais vert",609,2019,"rotation1719","Colza d'automne destine a la fabrication d'huile comestible",593,2018,"rotation1719","Soja",635
"PestiRed","12.1",2022,"col","PestiRed_12.1_2022","VD_2022_100471","Colza d'automne destine a la fabrication d'huile comestible",593,511.816080672852,1.2882290200416,1.1901633043834,1.0063113755662,2021,"VD_2022_30620","Paturages (paturages attenants a la ferme, autres paturages sauf les paturages d'estivage)",545,2020,"VD_2022_30620","Paturages (paturages attenants a la ferme, autres paturages sauf les paturages d'estivage)",545,2019,"rotation1719","Mais d'ensilage et mais vert",609,2018,"rotation1719","Ble d'automne (sans ble fourrager de la liste swiss granum)",583
"PestiRed","12.2",2022,"col","PestiRed_12.2_2022","VD_2022_73538","Colza d'automne destine a la fabrication d'huile comestible",593,702.608582575666,1.29496015069932,0.980275396126509,1.24841660323599,2021,"VD_2022_468916","Ble d'automne (sans ble fourrager de la liste swiss granum)",583,2020,"VD_2022_468916","Ble d'automne (sans ble fourrager de la liste swiss granum)",583,2019,"rotation1719","Prairies artificielles (sans les paturages)",628,2018,"rotation1719","Prairies artificielles (sans les paturages)",628
"PestiRed","56.1",2022,"col","PestiRed_56.1_2022","GE_2022_172627","Colza d'automne destine a la fabrication d'huile comestible",593,595.527970212727,1.48296662301761,1.71924457263351,1.04893088316355,2021,"GE_2022_174696","Colza d'automne destine a la fabrication d'huile comestible",593,2020,"GE_2022_174696","Colza d'automne destine a la fabrication d'huile comestible",593,2019,"rotation1719","Colza d'automne destine a la fabrication d'huile comestible",593,2018,"rotation1719","Ble d'automne (sans ble fourrager de la liste swiss granum)",583
"PestiRed","56.2",2022,"col","PestiRed_56.2_2022","GE_2022_172630","Colza d'automne destine a la fabrication d'huile comestible",593,461.584146945939,1.08403881165272,1.04797380969259,0.63124602445988,2021,"GE_2022_172637","Soja",635,2020,"GE_2022_172637","Soja",635,2019,"rotation1719","Soja",635,2018,"rotation1719","Orge d'automne",619
"PestiRed","58.1",2021,"col","PestiRed_58.1_2021","GE_2021_176239","Colza d'automne destine a la fabrication d'huile comestible",593,429.479345536383,0.969270828228243,0.921538682610639,0.91344735064758,2020,"GE_2021_22877","Autres prairies permanentes (sans les paturages)",549,2019,"rotation1719","Autres terres ouvertes sans contributions",576,2018,"rotation1719","Soja",635,2017,"rotation1719","Ble d'automne (sans ble fourrager de la liste swiss granum)",583
"PestiRed","58.2",2021,"col","PestiRed_58.2_2021","GE_2021_7718","Colza d'automne destine a la fabrication d'huile comestible",593,449.353640311358,1.05471268612891,0.644773555978003,0.695751852448704,2020,"GE_2021_31461","Vignes",645,2019,"rotation1719","Soja",635,2018,"rotation1719","Orge d'automne",619,2017,"rotation1719","Ble d'automne (sans ble fourrager de la liste swiss granum)",583
"PestiRed","60.1",2022,"col","PestiRed_60.1_2022","GE_2022_172881","Colza d'automne destine a la fabrication d'huile comestible",593,424.233157430343,1.13227225024085,0.540562239764736,0.491958855774999,2021,"GE_2022_177747","Legumineuses fourrageres destinees a la production de semences (contrat de culture)",605,2020,"GE_2022_177747","Legumineuses fourrageres destinees a la production de semences (contrat de culture)",605,2019,"rotation1719","Colza d'automne destine a la fabrication d'huile comestible",593,2018,"rotation1719","Ble d'automne (sans ble fourrager de la liste swiss granum)",583
"PestiRed","60.2",2022,"col","PestiRed_60.2_2022","GE_2022_577","Colza d'automne destine a la fabrication d'huile comestible",593,780.521022232861,1.06801066159084,0.420660705649783,0.510585220258683,2021,"GE_2022_173057","Prairies extensives (sans les paturages)",554,2020,"GE_2022_173057","Prairies extensives (sans les paturages)",554,2019,"rotation1719","Tournesol destine a la fabrication d'huile comestible",642,2018,"rotation1719","Orge d'automne",619
"PestiRed","64.1",2022,"col","PestiRed_64.1_2022","GE_2022_5244","Prairies artificielles (sans les paturages)",628,507.385866816777,1.40454276559502,0.79861834050715,0.86188254107943,2021,"GE_2022_174662","Betteraves sucrieres",582,2020,"GE_2022_174662","Betteraves sucrieres",582,2019,"rotation1719","Orge d'automne",619,2018,"rotation1719","Ble d'automne (sans ble fourrager de la liste swiss granum)",583
"PestiRed","64.2",2022,"col","PestiRed_64.2_2022","GE_2022_15386","Colza d'automne destine a la fabrication d'huile comestible",593,628.349426436795,1.43302644395642,1.36552099430041,0.578630451701069,2021,"GE_2022_11051","Soja",635,2020,"GE_2022_11051","Soja",635,2019,"rotation1719","Orge d'automne",619,2018,"rotation1719","Ble d'automne (sans ble fourrager de la liste swiss granum)",583
"PestiRed","71.1",2021,"col","PestiRed_71.1_2021","980454","Colza d'automne destine a la fabrication d'huile comestible",593,659.87487050956,2.06220102903871,0.925937994144159,0.708125382775129,2020,NA,NA,NA,2019,"rotation1719","Mais d'ensilage et mais vert",609,2018,"rotation1719","Triticale",643,2017,"rotation1719","Colza d'automne destine a la fabrication d'huile comestible",593
"PestiRed","71.2",2021,"col","PestiRed_71.2_2021","980418","Colza d'automne destine a la fabrication d'huile comestible",593,667.942610717122,1.81776782889515,1.11946686958501,0.780229972535931,2020,NA,NA,NA,2019,"rotation1719","Mais d'ensilage et mais vert",609,2018,"rotation1719","Colza d'automne destine a la fabrication d'huile comestible",593,2017,"rotation1719","Ble d'automne (sans ble fourrager de la liste swiss granum)",583
"PestiRed","72.1",2021,"col","PestiRed_72.1_2021","945443","Colza d'automne destine a la fabrication d'huile comestible",593,734.477622666148,3.23387368013627,0.580366063568079,0.664926005780808,2020,NA,NA,NA,2019,"rotation1719","Mais d'ensilage et mais vert",609,2018,"rotation1719","Epeautre",599,2017,"rotation1719","Colza d'automne destine a la fabrication d'huile comestible",593
"PestiRed","72.2",2021,"col","PestiRed_72.2_2021","945677","Colza d'automne destine a la fabrication d'huile comestible",593,444.830649274958,0.918824375266768,0.811007707559387,0.802501021687669,2020,NA,NA,NA,2019,"rotation1719","Pommes de terre",627,2018,"rotation1719","Prairies artificielles (sans les paturages)",628,2017,"rotation1719","Prairies artificielles (sans les paturages)",628
"PestiRed","73.1",2021,"col","PestiRed_73.1_2021","923995","Colza d'automne destine a la fabrication d'huile comestible",593,509.199673405602,0.840062438673526,0.654898808464454,0.681907047730126,2020,NA,NA,NA,2019,"rotation1719","Tournesol destine a la fabrication d'huile comestible",642,2018,"rotation1719","Ble d'automne (sans ble fourrager de la liste swiss granum)",583,2017,"rotation1719","Mais d'ensilage et mais vert",609
"PestiRed","73.2",2021,"col","PestiRed_73.2_2021","923854","Colza d'automne destine a la fabrication d'huile comestible",593,503.493757427285,0.801591195374727,0.76411108991704,0.703320608156618,2020,NA,NA,NA,2019,"rotation1719","Betteraves sucrieres",582,2018,"rotation1719","Colza d'automne destine a la fabrication d'huile comestible",593,2017,"rotation1719","Ble d'automne (sans ble fourrager de la liste swiss granum)",583
"PestiRed","74.1",2021,"col","PestiRed_74.1_2021","1006938","Colza d'automne destine a la fabrication d'huile comestible",593,513.513242854036,0.939499606376886,0.606088386088051,0.509642148545384,2020,NA,NA,NA,2019,"rotation1719","Betteraves sucrieres",582,2018,"rotation1719","Pommes de terre",627,2017,"rotation1719","Prairies artificielles (sans les paturages)",628
"PestiRed","74.2",2021,"col","PestiRed_74.2_2021","1007021","Colza d'automne destine a la fabrication d'huile comestible",593,613.291236249022,1.38412379904091,0.617873837548221,0.575223760209093,2020,"362298","Paturages (paturages attenants a la ferme, autres paturages sauf les paturages d'estivage)",545,2019,"rotation1719","Betteraves sucrieres",582,2018,"rotation1719","Pommes de terre",627,2017,"rotation1719","Mais d'ensilage et mais vert",609
"PestiRed","86.1",2022,"col","PestiRed_86.1_2022","902606","Colza d'automne destine a la fabrication d'huile comestible",593,483.805090285227,1.46983396460991,1.20102245568931,0.976075344996189,2021,"1023831","Mais d'ensilage et mais vert",609,2020,NA,NA,NA,2019,"rotation1719","Mais d'ensilage et mais vert",609,2018,"rotation1719","Prairies artificielles (sans les paturages)",628
"PestiRed","86.2",2022,"col","PestiRed_86.2_2022","902613","Colza d'automne destine a la fabrication d'huile comestible",593,431.91152979912,1.0030640360116,1.28312175467005,0.976435543359444,2021,"1023831","Mais d'ensilage et mais vert",609,2020,NA,NA,NA,2019,"rotation1719","Mais d'ensilage et mais vert",609,2018,"rotation1719","Prairies artificielles (sans les paturages)",628
"PestiRed","87.1",2022,"col","PestiRed_87.1_2022","1062568","Colza d'automne destine a la fabrication d'huile comestible",593,544.198842315139,1.72447095786333,1.54860921233296,1.19478256978989,2021,"788734","Paturages extensifs",547,2020,NA,NA,NA,2019,"rotation1719","Ble d'automne (sans ble fourrager de la liste swiss granum)",583,2018,"rotation1719","Tournesol destine a la fabrication d'huile comestible",642
"PestiRed","87.2",2022,"col","PestiRed_87.2_2022","1062585","Colza d'automne destine a la fabrication d'huile comestible",593,513.093356781353,0.635525785789895,0.486230868116231,0.635525785789895,2021,"953862","Prairies artificielles (sans les paturages)",628,2020,NA,NA,NA,2019,"rotation1719","Ble d'automne (sans ble fourrager de la liste swiss granum)",583,2018,"rotation1719","Tournesol destine a la fabrication d'huile comestible",642
"PestiRed","88.1",2022,"col","PestiRed_88.1_2022","917874","Colza d'automne destine a la fabrication d'huile comestible",593,464.852303248483,1.19478256978989,0.457345125894198,0.600212005211366,2021,"953862","Prairies artificielles (sans les paturages)",628,2020,NA,NA,NA,2019,"rotation1719","Ble d'automne (sans ble fourrager de la liste swiss granum)",583,2018,"rotation1719","Quinoa",629
"PestiRed","88.2",2022,"col","PestiRed_88.2_2022","917844","Colza d'automne destine a la fabrication d'huile comestible",593,606.275988515323,1.20102245568931,1.20102245568931,0.999996200295724,2021,"1023831","Mais d'ensilage et mais vert",609,2020,NA,NA,NA,2019,"rotation1719","Colza d'automne destine a la fabrication d'huile comestible",593,2018,"rotation1719","Pois en grains (p.ex. pois proteagineux)",626
"PestiRed","89.1",2022,"col","PestiRed_89.1_2022","908802","Colza d'automne destine a la fabrication d'huile comestible",593,597.677523846949,2.35572392565422,0.879025361420354,0.92478400435567,2021,"1090653","avec des cereales ou de la cameline, au moins 30 % de lentilles lors de la recolte (pour la production de grains)",577,2020,NA,NA,NA,2019,"rotation1719","Betteraves sucrieres",582,2018,"rotation1719","Ble d'automne (sans ble fourrager de la liste swiss granum)",583
"PestiRed","89.2",2022,"col","PestiRed_89.2_2022","908809","Colza d'automne destine a la fabrication d'huile comestible",593,333.636617532019,0.461240511983167,0.637094214317817,0.941605324561731,2021,"377563","Prairies extensives (sans les paturages)",554,2020,NA,NA,NA,2019,"rotation1719","Betteraves sucrieres",582,2018,"rotation1719","Mais d'ensilage et mais vert",609
"PestiRed","3.1",2020,"col","PestiRed_3.1_2020",NA,NA,NA,NA,NA,1.38775015373167,1.21266219234224,2019,"rotation1719","Ble d'automne (sans ble fourrager de la liste swiss granum)",583,2018,"rotation1719","Colza d'automne destine a la fabrication d'huile comestible",593,2017,"rotation1719","Ble d'automne (sans ble fourrager de la liste swiss granum)",583,2016,NA,NA,NA
"PestiRed","3.2",2020,"col","PestiRed_3.2_2020","VD_2020_79844","Colza d'automne destine a la fabrication d'huile comestible",593,491.580831844959,0.99935973135829,1.00710793250839,0.997508686257899,2019,"rotation1719","Ble d'automne (sans ble fourrager de la liste swiss granum)",583,2018,"rotation1719","Pommes de terre",627,2017,"rotation1719","Seigle",633,2016,NA,NA,NA
"PestiRed","7.1",2020,"col","PestiRed_7.1_2020","VD_2020_405372","Colza d'automne destine a la fabrication d'huile comestible",593,421.289372558955,0.970235907147825,0.595523750350531,0.68413623514073,2019,"rotation1719","Ble d'automne (sans ble fourrager de la liste swiss granum)",583,2018,"rotation1719","Mais d'ensilage et mais vert",609,2017,"rotation1719","Ble d'automne (sans ble fourrager de la liste swiss granum)",583,2016,NA,NA,NA
"PestiRed","7.2",2020,"col","PestiRed_7.2_2020","VD_2020_14008","Colza d'automne destine a la fabrication d'huile comestible",593,605.718181127792,0.99608965497613,0.541005927321781,0.701282443474303,2019,"rotation1719","Ble d'automne (sans ble fourrager de la liste swiss granum)",583,2018,"rotation1719","Colza d'automne destine a la fabrication d'huile comestible",593,2017,"rotation1719","Ble d'automne (sans ble fourrager de la liste swiss granum)",583,2016,NA,NA,NA
"PestiRed","8.1",2020,"col","PestiRed_8.1_2020","VD_2020_64821","Colza d'automne destine a la fabrication d'huile comestible",593,549.276509613397,1.24120896626748,0.49420528292777,0.502355425167736,2019,"rotation1719","Ble d'automne (sans ble fourrager de la liste swiss granum)",583,2018,"rotation1719","Betteraves sucrieres",582,2017,"rotation1719","Ble d'automne (sans ble fourrager de la liste swiss granum)",583,2016,NA,NA,NA
"PestiRed","8.2",2020,"col","PestiRed_8.2_2020","VD_2020_180748","Colza d'automne destine a la fabrication d'huile comestible",593,589.912448822814,1.26481344683217,0.655985896757982,0.706334388289601,2019,"rotation1719","Ble d'automne (sans ble fourrager de la liste swiss granum)",583,2018,"rotation1719","Betteraves sucrieres",582,2017,"rotation1719","Ble d'automne (sans ble fourrager de la liste swiss granum)",583,2016,NA,NA,NA
"PestiRed","10.1",2020,"col","PestiRed_10.1_2020","VD_2020_410595","Colza d'automne destine a la fabrication d'huile comestible",593,697.021862335591,0.997162802112009,1.5020522643052,1.2512721429341,2019,"rotation1719","Ble d'automne (sans ble fourrager de la liste swiss granum)",583,2018,"rotation1719","Betteraves sucrieres",582,2017,NA,NA,NA,2016,NA,NA,NA
"PestiRed","10.2",2020,"col","PestiRed_10.2_2020","VD_2020_201755","Pois en grains (p.ex. pois proteagineux)",626,659.14295864429,1.49139712611437,1.50147226321101,1.4788065700744,2019,"rotation1719","Seigle",633,2018,"rotation1719","Betteraves sucrieres",582,2017,NA,NA,NA,2016,NA,NA,NA
"PestiRed","83.1",2021,"epe","PestiRed_83.1_2021","1024371","Epeautre",599,299.89875182798,0.505675658037513,0.638480522766698,0.505675658037513,2020,NA,NA,NA,2019,"rotation1719","Prairies artificielles (sans les paturages)",628,2018,"rotation1719","Ble d'automne (sans ble fourrager de la liste swiss granum)",583,2017,"rotation1719","Prairies artificielles (sans les paturages)",628
"PestiRed","83.2",2021,"epe","PestiRed_83.2_2021","1024374","Epeautre",599,569.790082778119,1.28224840413692,0.708587588780746,0.520233177002077,2020,NA,NA,NA,2019,"rotation1719","Epeautre",599,2018,"rotation1719","Mais d'ensilage et mais vert",609,2017,"rotation1719","Orge d'automne",619
"PestiRed","85.1",2021,"epe","PestiRed_85.1_2021","1018916","Epeautre",599,731.188897142438,1.26763512846255,1.01002630486102,0.965877403610945,2020,NA,NA,NA,2019,"rotation1719","Prairies artificielles (sans les paturages)",628,2018,"rotation1719","Prairies artificielles (sans les paturages)",628,2017,"rotation1719","Ble d'automne (sans ble fourrager de la liste swiss granum)",583
"PestiRed","1.1",2022,"mas","PestiRed_1.1_2022","VD_2022_107077","Mais d'ensilage et mais vert",609,468.787662504126,0.803265238786124,0.803265238786124,0.876147016783804,2021,"709844","Paturages (paturages attenants a la ferme, autres paturages sauf les paturages d'estivage)",545,2020,"709844","Paturages (paturages attenants a la ferme, autres paturages sauf les paturages d'estivage)",545,2019,"rotation1719","Colza d'automne destine a la fabrication d'huile comestible",593,2018,"rotation1719","Orge d'automne",619
"PestiRed","1.2",2022,"mas","PestiRed_1.2_2022","VD_2022_402398","Mais d'ensilage et mais vert",609,411.795206110205,0.839365729495883,1.0747227024287,1.01370152021094,2021,"VD_2022_398336","Jachere florale",602,2020,"VD_2022_398336","Jachere florale",602,2019,"rotation1719","Colza d'automne destine a la fabrication d'huile comestible",593,2018,"rotation1719","Ble d'automne (sans ble fourrager de la liste swiss granum)",583
"PestiRed","3.1",2023,"mas","PestiRed_3.1_2023",NA,NA,NA,NA,NA,1.07235584952431,1.21266219234224,2022,NA,NA,NA,2021,NA,NA,NA,2020,NA,NA,NA,2019,"rotation1719","Ble d'automne (sans ble fourrager de la liste swiss granum)",583
"PestiRed","3.2",2023,"mas","PestiRed_3.2_2023",NA,"Mais d'ensilage et mais vert",609,491.580831844959,0.99935973135829,1.10795019106236,1.00650459865928,2022,NA,"Colza d'automne destine a la fabrication d'huile comestible",593,2021,NA,"Colza d'automne destine a la fabrication d'huile comestible",593,2020,NA,"Colza d'automne destine a la fabrication d'huile comestible",593,2019,"rotation1719","Ble d'automne (sans ble fourrager de la liste swiss granum)",583
"PestiRed","4.1",2020,"mas","PestiRed_4.1_2020","VD_2020_64855","Mais d'ensilage et mais vert",609,729.694340301733,2.97639054642723,0.695940891191266,0.802638834110394,2019,"rotation1719","Colza d'automne destine a la fabrication d'huile comestible",593,2018,"rotation1719","Ble d'automne (sans ble fourrager de la liste swiss granum)",583,2017,"rotation1719","Prairies artificielles (sans les paturages)",628,2016,NA,NA,NA
"PestiRed","4.2",2020,"mas","PestiRed_4.2_2020","VD_2020_428056","Mais d'ensilage et mais vert",609,496.792056763508,1.15350573095772,1.00104766685804,0.863188427023523,2019,"rotation1719","Prairies artificielles (sans les paturages)",628,2018,"rotation1719","Prairies artificielles (sans les paturages)",628,2017,"rotation1719","Epeautre",599,2016,NA,NA,NA
"PestiRed","6.1",2021,"mas","PestiRed_6.1_2021","VD_2021_75430","Mais d'ensilage et mais vert",609,409.01704188749,1.00566318545784,1.00566318545784,0.988936101108044,2020,"VD_2021_450018","Orge d'automne",619,2019,"rotation1719","Prairies artificielles (sans les paturages)",628,2018,"rotation1719","Orge d'automne",619,2017,"rotation1719","Pois en grains (p.ex. pois proteagineux)",626
"PestiRed","6.2",2021,"mas","PestiRed_6.2_2021","VD_2021_75429","Mais d'ensilage et mais vert",609,446.207698324735,1.02647124538571,1.07875889449567,1.22835893239602,2020,"VD_2021_208849","Orge d'automne",619,2019,"rotation1719","Ble d'automne (sans ble fourrager de la liste swiss granum)",583,2018,"rotation1719","Pois en grains (p.ex. pois proteagineux)",626,2017,"rotation1719","Ble d'automne (sans ble fourrager de la liste swiss granum)",583
"PestiRed","11.1",2022,"mas","PestiRed_11.1_2022","VD_2022_28138","Mais d'ensilage et mais vert",609,404.250543057946,0.806021713188291,0.821955380043853,0.749492925990373,2021,"VD_2022_176651","Prairies extensives (sans les paturages)",554,2020,"VD_2022_176651","Prairies extensives (sans les paturages)",554,2019,"rotation1719","Colza d'automne destine a la fabrication d'huile comestible",593,2018,"rotation1719","Pois en grains (p.ex. pois proteagineux)",626
"PestiRed","11.2",2022,"mas","PestiRed_11.2_2022","VD_2022_173725","Mais d'ensilage et mais vert",609,575.231841576272,1.50915936990017,1.09902294441866,0.998367283230915,2021,"VD_2022_33126","Prairies artificielles (sans les paturages)",628,2020,"VD_2022_33126","Prairies artificielles (sans les paturages)",628,2019,"rotation1719","Colza d'automne destine a la fabrication d'huile comestible",593,2018,"rotation1719","Ble d'automne (sans ble fourrager de la liste swiss granum)",583
"PestiRed","71.1",2023,"mag","PestiRed_71.1_2023",NA,"Mais d'ensilage et mais vert",609,659.87487050956,2.06220102903871,0.937531938602043,0.649752428783244,2022,NA,"Triticale",643,2021,NA,"Triticale",643,2020,NA,NA,NA,2019,"rotation1719","Mais d'ensilage et mais vert",609
"PestiRed","71.2",2023,"mag","PestiRed_71.2_2023",NA,"Mais grain",610,673.356060552891,1.89854743060917,1.05099101542383,0.723039993568324,2022,NA,"Orge d'automne",619,2021,NA,"Orge d'automne",619,2020,NA,NA,NA,2019,"rotation1719","Mais d'ensilage et mais vert",609
"PestiRed","72.1",2023,"mas","PestiRed_72.1_2023",NA,"Mais d'ensilage et mais vert",609,734.47526340542,3.23387121276611,0.570952077348303,0.659607395062532,2022,NA,"Colza d'automne destine a la fabrication d'huile comestible",593,2021,NA,"Colza d'automne destine a la fabrication d'huile comestible",593,2020,NA,NA,NA,2019,"rotation1719","Mais d'ensilage et mais vert",609
"PestiRed","72.2",2023,"mas","PestiRed_72.2_2023",NA,"Mais d'ensilage et mais vert",609,434.29556650908,0.818765913443454,0.802397427528846,0.802397427528846,2022,NA,"Colza d'automne destine a la fabrication d'huile comestible",593,2021,NA,"Colza d'automne destine a la fabrication d'huile comestible",593,2020,NA,NA,NA,2019,"rotation1719","Pommes de terre",627
"PestiRed","73.1",2023,"mas","PestiRed_73.1_2023",NA,"Mais d'ensilage et mais vert",609,509.199673405602,0.840062438673526,0.617040652059764,0.62485039416384,2022,NA,"Prairies artificielles (sans les paturages)",628,2021,NA,"Prairies artificielles (sans les paturages)",628,2020,NA,NA,NA,2019,"rotation1719","Tournesol destine a la fabrication d'huile comestible",642
"PestiRed","73.2",2023,"mas","PestiRed_73.2_2023",NA,"Mais d'ensilage et mais vert",609,494.445276675014,0.71500416630418,0.654898808464454,0.617612458266248,2022,NA,"Prairies artificielles (sans les paturages)",628,2021,NA,"Prairies artificielles (sans les paturages)",628,2020,NA,NA,NA,2019,"rotation1719","Betteraves sucrieres",582
"PestiRed","74.1",2023,"mas","PestiRed_74.1_2023",NA,"Mais d'ensilage et mais vert",609,513.513242854036,0.939499606376886,0.58565731432396,0.519386026819749,2022,NA,"Ble d'automne (sans ble fourrager de la liste swiss granum)",583,2021,NA,"Ble d'automne (sans ble fourrager de la liste swiss granum)",583,2020,NA,NA,NA,2019,"rotation1719","Betteraves sucrieres",582
"PestiRed","74.2",2023,"mas","PestiRed_74.2_2023",NA,"Mais d'ensilage et mais vert",609,608.944332154251,1.24346235993952,0.626515221163165,0.602899231462134,2022,NA,"Ble d'automne (sans ble fourrager de la liste swiss granum)",583,2021,NA,"Ble d'automne (sans ble fourrager de la liste swiss granum)",583,2020,NA,"Ble d'automne (sans ble fourrager de la liste swiss granum)",583,2019,"rotation1719","Betteraves sucrieres",582
"PestiRed","75.1",2021,"mas","PestiRed_75.1_2021","910883","Mais d'ensilage et mais vert",609,651.328105575193,2.17815965374596,0.66403607596159,0.77931926009059,2020,NA,NA,NA,2019,"rotation1719","Ble d'automne (sans ble fourrager de la liste swiss granum)",583,2018,NA,NA,NA,2017,NA,NA,NA
"PestiRed","75.2",2021,"mas","PestiRed_75.2_2021","910891","Mais d'ensilage et mais vert",609,565.881954681861,1.12229258236839,1.31027480251689,1.09222969875424,2020,NA,NA,NA,2019,"rotation1719","Ble d'automne (sans ble fourrager de la liste swiss granum)",583,2018,"rotation1719","Prairies artificielles (sans les paturages)",628,2017,"rotation1719","Prairies artificielles (sans les paturages)",628
"PestiRed","76.1",2021,"mas","PestiRed_76.1_2021","975253","Mais d'ensilage et mais vert",609,548.150636249619,1.71224974135368,0.827419323895814,0.845661084686778,2020,NA,NA,NA,2019,"rotation1719","Colza d'automne destine a la fabrication d'huile comestible",593,2018,"rotation1719","Epeautre",599,2017,"rotation1719","Pommes de terre",627
"PestiRed","76.2",2021,"mas","PestiRed_76.2_2021","975321","Pommes de terre",627,544.217565389694,1.00892497910336,0.981313397451863,0.821416339492513,2020,NA,NA,NA,2019,"rotation1719","Colza d'automne destine a la fabrication d'huile comestible",593,2018,"rotation1719","Ble d'automne (sans ble fourrager de la liste swiss granum)",583,2017,"rotation1719","Pommes de terre",627
"PestiRed","83.1",2020,"mas","PestiRed_83.1_2020",NA,NA,NA,NA,NA,0.410626435857289,0.228394763719372,2019,"rotation1719","Prairies artificielles (sans les paturages)",628,2018,"rotation1719","Ble d'automne (sans ble fourrager de la liste swiss granum)",583,2017,"rotation1719","Prairies artificielles (sans les paturages)",628,2016,NA,NA,NA
"PestiRed","83.2",2020,"mas","PestiRed_83.2_2020",NA,NA,NA,NA,NA,0.428108043963235,0.285339530055993,2019,"rotation1719","Epeautre",599,2018,"rotation1719","Mais d'ensilage et mais vert",609,2017,"rotation1719","Orge d'automne",619,2016,NA,NA,NA
"PestiRed","85.1",2020,"mas","PestiRed_85.1_2020",NA,NA,NA,NA,NA,0.475581026151159,0.420717385756224,2019,"rotation1719","Prairies artificielles (sans les paturages)",628,2018,"rotation1719","Prairies artificielles (sans les paturages)",628,2017,"rotation1719","Ble d'automne (sans ble fourrager de la liste swiss granum)",583,2016,NA,NA,NA
"PestiRed","85.2",2020,"mas","PestiRed_85.2_2020",NA,NA,NA,NA,NA,0.232213681923272,0.424080129859131,2019,"rotation1719","Prairies artificielles (sans les paturages)",628,2018,"rotation1719","Prairies artificielles (sans les paturages)",628,2017,"rotation1719","Orge d'automne",619,2016,NA,NA,NA
"PestiRed","1.1",2020,"org","PestiRed_1.1_2020","VD_2020_107077","Orge d'automne",619,468.787662504126,0.803265238786124,0.645255813495535,0.790465919741243,2019,"rotation1719","Colza d'automne destine a la fabrication d'huile comestible",593,2018,"rotation1719","Orge d'automne",619,2017,"rotation1719","Mais d'ensilage et mais vert",609,2016,NA,NA,NA
"PestiRed","1.2",2020,"org","PestiRed_1.2_2020","VD_2020_402398","Orge d'automne",619,411.795206110205,0.839365729495883,0.986731483735144,0.935999022406992,2019,"rotation1719","Colza d'automne destine a la fabrication d'huile comestible",593,2018,"rotation1719","Ble d'automne (sans ble fourrager de la liste swiss granum)",583,2017,"rotation1719","Mais d'ensilage et mais vert",609,2016,NA,NA,NA
"PestiRed","2.1",2022,"org","PestiRed_2.1_2022","VD_2022_122433","Orge d'automne",619,353.613795560227,0.645760279581696,0.897897275219887,0.935323168827058,2021,"VD_2022_406220","Prairies extensives (sans les paturages)",554,2020,"VD_2022_406220","Prairies extensives (sans les paturages)",554,2019,"rotation1719","Betteraves sucrieres",582,2018,"rotation1719","Ble d'automne (sans ble fourrager de la liste swiss granum)",583
"PestiRed","2.2",2022,"org","PestiRed_2.2_2022","VD_2022_403948","Orge d'automne",619,494.309880190169,0.645480983210355,0.820906639716029,0.824031226724386,2021,"VD_2022_430422","Prairies artificielles (sans les paturages)",628,2020,"VD_2022_430422","Prairies artificielles (sans les paturages)",628,2019,"rotation1719","Mais d'ensilage et mais vert",609,2018,"rotation1719","Ble d'automne (sans ble fourrager de la liste swiss granum)",583
"PestiRed","3.1",2021,"org","PestiRed_3.1_2021",NA,NA,NA,NA,NA,1.27110525458446,1.21670796554238,2020,NA,NA,NA,2019,"rotation1719","Ble d'automne (sans ble fourrager de la liste swiss granum)",583,2018,"rotation1719","Colza d'automne destine a la fabrication d'huile comestible",593,2017,"rotation1719","Ble d'automne (sans ble fourrager de la liste swiss granum)",583
"PestiRed","3.2",2021,"org","PestiRed_3.2_2021","VD_2021_79844","Orge d'automne",619,491.580831844959,0.99935973135829,1.01485613365849,1.00419575457945,2020,"VD_2021_26294","Prairies extensives (sans les paturages)",554,2019,"rotation1719","Ble d'automne (sans ble fourrager de la liste swiss granum)",583,2018,"rotation1719","Pommes de terre",627,2017,"rotation1719","Seigle",633
"PestiRed","5.1",2023,"org","PestiRed_5.1_2023",NA,"Autres prairies permanentes (sans les paturages)",549,528.215121163129,0.806650962291285,1.32945355815471,1.13242378623495,2022,NA,NA,NA,2021,NA,NA,NA,2020,NA,NA,NA,2019,"rotation1719","Colza d'automne destine a la fabrication d'huile comestible",593
"PestiRed","5.2",2023,"org","PestiRed_5.2_2023",NA,"Prairies artificielles (sans les paturages)",628,1011.73099684727,4.73648205163507,0.99846411667075,0.918087301415484,2022,NA,NA,NA,2021,NA,NA,NA,2020,NA,NA,NA,2019,"rotation1719","Pommes de terre",627
"PestiRed","7.1",2021,"org","PestiRed_7.1_2021","VD_2021_405372","Orge d'automne",619,421.289372558955,0.970235907147825,0.684135785369761,0.715941115023196,2020,"VD_2021_446150","Ble d'automne (sans ble fourrager de la liste swiss granum)",583,2019,"rotation1719","Ble d'automne (sans ble fourrager de la liste swiss granum)",583,2018,"rotation1719","Mais d'ensilage et mais vert",609,2017,"rotation1719","Ble d'automne (sans ble fourrager de la liste swiss granum)",583
"PestiRed","7.2",2021,"org","PestiRed_7.2_2021","VD_2021_14008","Orge d'automne",619,605.718181127792,0.99608965497613,0.609054716385342,0.709616052816599,2020,"VD_2021_127042","Ble d'automne (sans ble fourrager de la liste swiss granum)",583,2019,"rotation1719","Ble d'automne (sans ble fourrager de la liste swiss granum)",583,2018,"rotation1719","Colza d'automne destine a la fabrication d'huile comestible",593,2017,"rotation1719","Ble d'automne (sans ble fourrager de la liste swiss granum)",583
"PestiRed","8.1",2021,"org","PestiRed_8.1_2021","VD_2021_64821","Orge d'automne",619,549.276509613397,1.24120896626748,0.504777526719868,0.504777526719868,2020,"VD_2021_407371","Prairies extensives (sans les paturages)",554,2019,"rotation1719","Ble d'automne (sans ble fourrager de la liste swiss granum)",583,2018,"rotation1719","Betteraves sucrieres",582,2017,"rotation1719","Ble d'automne (sans ble fourrager de la liste swiss granum)",583
"PestiRed","8.2",2021,"org","PestiRed_8.2_2021","VD_2021_180748","Orge d'automne",619,590.893775720066,1.26658615729241,0.642212227517366,0.700909766861796,2020,"VD_2021_185486","Prairies extensives (sans les paturages)",554,2019,"rotation1719","Ble d'automne (sans ble fourrager de la liste swiss granum)",583,2018,"rotation1719","Betteraves sucrieres",582,2017,"rotation1719","Ble d'automne (sans ble fourrager de la liste swiss granum)",583
"PestiRed","9.1",2023,"org","PestiRed_9.1_2023",NA,"Jachere florale",602,568.362655631189,0.399944930904917,1.49683954361724,1.38992913339399,2022,NA,"Orge d'automne",619,2021,NA,"Orge d'automne",619,2020,NA,"Orge d'automne",619,2019,"rotation1719","Tournesol destine a la fabrication d'huile comestible",642
"PestiRed","9.2",2023,"org","PestiRed_9.2_2023",NA,"Prairies extensives (sans les paturages)",554,689.294818657789,1.29467395852841,1.49461549413446,1.43320138576254,2022,NA,"Orge d'automne",619,2021,NA,"Orge d'automne",619,2020,NA,"Orge d'automne",619,2019,"rotation1719","Colza d'automne destine a la fabrication d'huile comestible",593
"PestiRed","10.1",2021,"org","PestiRed_10.1_2021","VD_2021_410595","Orge d'automne",619,697.021862335591,0.997162802112009,1.5074252056119,1.2512721429341,2020,"VD_2021_207900","Autres prairies permanentes (sans les paturages)",549,2019,"rotation1719","Ble d'automne (sans ble fourrager de la liste swiss granum)",583,2018,"rotation1719","Betteraves sucrieres",582,2017,NA,NA,NA
"PestiRed","10.2",2021,"org","PestiRed_10.2_2021","VD_2021_201755","Colza d'automne destine a la fabrication d'huile comestible",593,659.14295864429,1.49139712611437,1.50713491337895,1.4788065700744,2020,"VD_2021_449252","Ble d'automne (sans ble fourrager de la liste swiss granum)",583,2019,"rotation1719","Seigle",633,2018,"rotation1719","Betteraves sucrieres",582,2017,NA,NA,NA
"PestiRed","11.1",2020,"org","PestiRed_11.1_2020","VD_2020_28138","Orge d'automne",619,404.250543057946,0.806021713188291,0.712277543216944,0.670072038184325,2019,"rotation1719","Colza d'automne destine a la fabrication d'huile comestible",593,2018,"rotation1719","Pois en grains (p.ex. pois proteagineux)",626,2017,"rotation1719","Ble d'automne (sans ble fourrager de la liste swiss granum)",583,2016,NA,NA,NA
"PestiRed","11.2",2020,"org","PestiRed_11.2_2020","VD_2020_173725","Orge d'automne",619,575.231841576272,1.50915936990017,1.18476951636699,0.992932898227392,2019,"rotation1719","Colza d'automne destine a la fabrication d'huile comestible",593,2018,"rotation1719","Ble d'automne (sans ble fourrager de la liste swiss granum)",583,2017,"rotation1719","Prairies artificielles (sans les paturages)",628,2016,NA,NA,NA
"PestiRed","12.1",2023,"org","PestiRed_12.1_2023",NA,"Orge d'automne",619,511.816080672852,1.2882290200416,1.2882290200416,1.13702900084779,2022,NA,"Ble d'automne (sans ble fourrager de la liste swiss granum)",583,2021,NA,"Ble d'automne (sans ble fourrager de la liste swiss granum)",583,2020,NA,"Ble d'automne (sans ble fourrager de la liste swiss granum)",583,2019,"rotation1719","Mais d'ensilage et mais vert",609
"PestiRed","12.2",2023,"org","PestiRed_12.2_2023",NA,"Orge d'automne",619,702.608582575666,1.29496015069932,1.19679437238723,1.55609049211349,2022,NA,"Plants de pommes de terre (contrat de culture)",624,2021,NA,"Plants de pommes de terre (contrat de culture)",624,2020,NA,"Plants de pommes de terre (contrat de culture)",624,2019,"rotation1719","Prairies artificielles (sans les paturages)",628
"PestiRed","56.1",2023,"org","PestiRed_56.1_2023",NA,"Orge d'automne",619,595.527970212727,1.48296662301761,1.78350413587475,1.15814935989898,2022,NA,"Soja",635,2021,NA,"Soja",635,2020,NA,"Soja",635,2019,"rotation1719","Colza d'automne destine a la fabrication d'huile comestible",593
"PestiRed","56.2",2023,"org","PestiRed_56.2_2023",NA,"Orge d'automne",619,461.584146945939,1.08403881165272,1.22520524779278,0.703992418017077,2022,NA,"Ble d'automne (sans ble fourrager de la liste swiss granum)",583,2021,NA,"Ble d'automne (sans ble fourrager de la liste swiss granum)",583,2020,NA,"Ble d'automne (sans ble fourrager de la liste swiss granum)",583,2019,"rotation1719","Soja",635
"PestiRed","57.1",2020,"org","PestiRed_57.1_2020","GE_2020_24223","Orge d'automne",619,417.908245246437,1.01190688523829,1.28571856113199,0.671005322071345,2019,"rotation1719","Colza d'automne destine a la fabrication d'huile comestible",593,2018,"rotation1719","Triticale",643,2017,"rotation1719","Pois chiches",625,2016,NA,NA,NA
"PestiRed","57.2",2020,"org","PestiRed_57.2_2020","GE_2020_8117","Orge d'automne",619,497.631854924452,1.02468189597157,0.969270828228243,1.00582077445087,2019,"rotation1719","Lentilles",606,2018,"rotation1719","Orge d'automne",619,2017,"rotation1719","Ble d'automne (sans ble fourrager de la liste swiss granum)",583,2016,NA,NA,NA
"PestiRed","58.1",2023,"org","PestiRed_58.1_2023",NA,"Orge d'automne",619,429.479345536383,0.969270828228243,1.37193252627284,1.10265892565189,2022,NA,"Ble d'automne (sans ble fourrager de la liste swiss granum)",583,2021,NA,"Ble d'automne (sans ble fourrager de la liste swiss granum)",583,2020,NA,"Ble d'automne (sans ble fourrager de la liste swiss granum)",583,2019,"rotation1719","Autres terres ouvertes sans contributions",576
"PestiRed","58.2",2023,"org","PestiRed_58.2_2023",NA,"Orge d'automne",619,449.353640311358,1.05471268612891,0.632422627364844,0.704653808849395,2022,NA,"Prairies extensives (sans les paturages)",554,2021,NA,"Prairies extensives (sans les paturages)",554,2020,NA,"Prairies extensives (sans les paturages)",554,2019,"rotation1719","Soja",635
"PestiRed","60.1",2023,"org","PestiRed_60.1_2023",NA,"Orge d'automne",619,424.233157430343,1.13227225024085,0.734979393599416,0.612810299292883,2022,NA,"Prairies extensives (sans les paturages)",554,2021,NA,"Prairies extensives (sans les paturages)",554,2020,NA,"Prairies extensives (sans les paturages)",554,2019,"rotation1719","Colza d'automne destine a la fabrication d'huile comestible",593
"PestiRed","60.2",2023,"org","PestiRed_60.2_2023",NA,"Orge d'automne",619,780.521022232861,1.06801066159084,0.510585220258683,0.61671163934432,2022,NA,"Vignes",645,2021,NA,"Vignes",645,2020,NA,"Vignes",645,2019,"rotation1719","Tournesol destine a la fabrication d'huile comestible",642
"PestiRed","63.1",2020,"org","PestiRed_63.1_2020","GE_2020_10979","Orge d'automne",619,441.497109338844,1.05740827843117,0.600977921529487,0.958380692018569,2019,"rotation1719","Colza d'automne destine a la fabrication d'huile comestible",593,2018,"rotation1719","Orge d'automne",619,2017,"rotation1719","Tournesol destine a la fabrication d'huile comestible",642,2016,NA,NA,NA
"PestiRed","63.2",2020,"org","PestiRed_63.2_2020","GE_2020_176937","Orge d'automne",619,554.785832200302,1.06258876817953,0.958380692018569,0.939011280394087,2019,"rotation1719","Ble d'automne (sans ble fourrager de la liste swiss granum)",583,2018,"rotation1719","Colza d'automne destine a la fabrication d'huile comestible",593,2017,"rotation1719","Ble d'automne (sans ble fourrager de la liste swiss granum)",583,2016,NA,NA,NA
"PestiRed","65.1",2020,"org","PestiRed_65.1_2020","VD_2020_393129","Orge d'automne",619,667.458291023918,2.55655343960768,1.13387482276796,1.16576336993374,2019,"rotation1719","Tournesol destine a la fabrication d'huile comestible",642,2018,"rotation1719","Ble d'automne (sans ble fourrager de la liste swiss granum)",583,2017,"rotation1719","Prairies artificielles (sans les paturages)",628,2016,NA,NA,NA
"PestiRed","65.2",2020,"org","PestiRed_65.2_2020","VD_2020_51402","Ble d'automne (sans ble fourrager de la liste swiss granum)",583,922.009601830277,5.18622297398075,1.45185867054476,1.2493626444323,2019,"rotation1719","Tournesol destine a la fabrication d'huile comestible",642,2018,"rotation1719","Ble d'automne (sans ble fourrager de la liste swiss granum)",583,2017,"rotation1719","Soja",635,2016,NA,NA,NA
"PestiRed","71.1",2022,"org","PestiRed_71.1_2022","980454","Orge d'automne",619,659.87487050956,2.06220102903871,1.0041153727915,0.721465265235538,2021,"969812","Colza d'automne destine a la fabrication d'huile comestible",593,2020,NA,NA,NA,2019,"rotation1719","Mais d'ensilage et mais vert",609,2018,"rotation1719","Triticale",643
"PestiRed","71.2",2022,"org","PestiRed_71.2_2022","980418","Orge d'automne",619,673.357478654412,1.89856049678773,1.25429853997959,0.789780278832931,2021,"969812","Colza d'automne destine a la fabrication d'huile comestible",593,2020,NA,NA,NA,2019,"rotation1719","Mais d'ensilage et mais vert",609,2018,"rotation1719","Colza d'automne destine a la fabrication d'huile comestible",593
"PestiRed","72.1",2022,"org","PestiRed_72.1_2022","945443","Orge d'automne",619,734.475263800383,3.23387107713909,0.615098610572983,0.674899358655291,2021,"726277","Autres prairies permanentes (sans les paturages)",549,2020,NA,NA,NA,2019,"rotation1719","Mais d'ensilage et mais vert",609,2018,"rotation1719","Epeautre",599
"PestiRed","72.2",2022,"org","PestiRed_72.2_2022","945677","Orge d'automne",619,444.830649288545,0.918831408852525,0.811017166167195,0.811017166167195,2021,"726277","Autres prairies permanentes (sans les paturages)",549,2020,NA,NA,NA,2019,"rotation1719","Pommes de terre",627,2018,"rotation1719","Prairies artificielles (sans les paturages)",628
"PestiRed","73.1",2022,"org","PestiRed_73.1_2022","923995","Orge d'automne",619,509.199673405602,0.840062438673526,0.654898808464454,0.685302069867705,2021,"772214","Jachere florale",602,2020,NA,NA,NA,2019,"rotation1719","Tournesol destine a la fabrication d'huile comestible",642,2018,"rotation1719","Ble d'automne (sans ble fourrager de la liste swiss granum)",583
"PestiRed","73.2",2022,"org","PestiRed_73.2_2022","1078897","Orge d'automne",619,495.069924697753,0.700138641938567,0.700138641938567,0.654390520541207,2021,"686303","Paturages (paturages attenants a la ferme, autres paturages sauf les paturages d'estivage)",545,2020,NA,NA,NA,2019,"rotation1719","Betteraves sucrieres",582,2018,"rotation1719","Colza d'automne destine a la fabrication d'huile comestible",593
"PestiRed","74.1",2022,"org","PestiRed_74.1_2022","1006938","Orge d'automne",619,513.513242854036,0.939499606376886,0.585658493432729,0.562238635336841,2021,"372987","Prairies extensives (sans les paturages)",554,2020,NA,NA,NA,2019,"rotation1719","Betteraves sucrieres",582,2018,"rotation1719","Pommes de terre",627
"PestiRed","74.2",2022,"org","PestiRed_74.2_2022","1082452","avec des cereales ou de la cameline, au moins 30 % de lentilles lors de la recolte (pour la production de grains)",577,482.950672226235,0.153763759800419,0.626514324705955,0.609229253704299,2021,"372987","Prairies extensives (sans les paturages)",554,2020,"372987","Prairies extensives (sans les paturages)",554,2019,"rotation1719","Betteraves sucrieres",582,2018,"rotation1719","Pommes de terre",627
"PestiRed","75.1",2020,"org","PestiRed_75.1_2020",NA,NA,NA,NA,NA,0.25864679420162,0.395809037792135,2019,"rotation1719","Ble d'automne (sans ble fourrager de la liste swiss granum)",583,2018,NA,NA,NA,2017,NA,NA,NA,2016,NA,NA,NA
"PestiRed","75.2",2020,"org","PestiRed_75.2_2020",NA,NA,NA,NA,NA,0.800414037466049,0.528226062006887,2019,"rotation1719","Ble d'automne (sans ble fourrager de la liste swiss granum)",583,2018,"rotation1719","Prairies artificielles (sans les paturages)",628,2017,"rotation1719","Prairies artificielles (sans les paturages)",628,2016,NA,NA,NA
"PestiRed","76.1",2020,"org","PestiRed_76.1_2020",NA,NA,NA,NA,NA,0.37768374577174,0.37768374577174,2019,"rotation1719","Colza d'automne destine a la fabrication d'huile comestible",593,2018,"rotation1719","Epeautre",599,2017,"rotation1719","Pommes de terre",627,2016,NA,NA,NA
"PestiRed","76.2",2020,"org","PestiRed_76.2_2020",NA,NA,NA,NA,NA,0.399334925614577,0.399334925614577,2019,"rotation1719","Colza d'automne destine a la fabrication d'huile comestible",593,2018,"rotation1719","Ble d'automne (sans ble fourrager de la liste swiss granum)",583,2017,"rotation1719","Pommes de terre",627,2016,NA,NA,NA
"PestiRed","86.1",2023,"org","PestiRed_86.1_2023",NA,"Orge d'automne",619,483.803859889404,1.46982097721156,1.20102245568931,0.851457248682668,2022,NA,"Colza d'automne destine a la fabrication d'huile comestible",593,2021,NA,"Colza d'automne destine a la fabrication d'huile comestible",593,2020,NA,NA,NA,2019,"rotation1719","Mais d'ensilage et mais vert",609
"PestiRed","86.2",2023,"org","PestiRed_86.2_2023",NA,"Orge d'automne",619,433.765192121084,1.00270248410724,1.28170858876929,0.939301895325988,2022,NA,"Colza d'automne destine a la fabrication d'huile comestible",593,2021,NA,"Colza d'automne destine a la fabrication d'huile comestible",593,2020,NA,NA,NA,2019,"rotation1719","Mais d'ensilage et mais vert",609
"PestiRed","87.1",2023,"org","PestiRed_87.1_2023",NA,"Orge d'automne",619,544.199998456294,1.72447747483011,1.53706391345561,1.04248292491511,2022,NA,"Paturages extensifs",547,2021,NA,"Paturages extensifs",547,2020,NA,NA,NA,2019,"rotation1719","Ble d'automne (sans ble fourrager de la liste swiss granum)",583
"PestiRed","87.2",2023,"org","PestiRed_87.2_2023",NA,"Orge d'automne",619,514.091467955611,0.668653405070561,0.486230868116231,0.600210949649592,2022,NA,"Cereales ensilees",589,2021,NA,"Cereales ensilees",589,2020,NA,NA,NA,2019,"rotation1719","Ble d'automne (sans ble fourrager de la liste swiss granum)",583
"PestiRed","88.1",2023,"org","PestiRed_88.1_2023",NA,"Orge d'automne",619,464.852303248483,1.19478256978989,0.457345125894198,0.555054940488189,2022,NA,"Cereales ensilees",589,2021,NA,"Cereales ensilees",589,2020,NA,NA,NA,2019,"rotation1719","Ble d'automne (sans ble fourrager de la liste swiss granum)",583
"PestiRed","88.2",2023,"org","PestiRed_88.2_2023",NA,"Orge d'automne",619,606.275988515323,1.20102245568931,1.20102245568931,0.999996200295724,2022,NA,"Colza d'automne destine a la fabrication d'huile comestible",593,2021,NA,"Colza d'automne destine a la fabrication d'huile comestible",593,2020,NA,NA,NA,2019,"rotation1719","Colza d'automne destine a la fabrication d'huile comestible",593
"PestiRed","89.1",2023,"org","PestiRed_89.1_2023",NA,"Orge d'automne",619,597.968933936286,2.35634897832759,0.879025361420354,0.909958734743547,2022,NA,"Autres prairies permanentes (sans les paturages)",549,2021,NA,"Autres prairies permanentes (sans les paturages)",549,2020,NA,NA,NA,2019,"rotation1719","Betteraves sucrieres",582
"PestiRed","89.2",2023,"org","PestiRed_89.2_2023",NA,"Orge d'automne",619,330.87168106713,0.456973386421322,0.632039774434138,0.941605324561731,2022,NA,"Autres prairies permanentes (sans les paturages)",549,2021,NA,"Autres prairies permanentes (sans les paturages)",549,2020,NA,NA,NA,2019,"rotation1719","Betteraves sucrieres",582
"PestiRed","2.1",2020,"poi","PestiRed_2.1_2020","VD_2020_122433","Pois en grains (p.ex. pois proteagineux)",626,353.613795560227,0.645760279581696,0.701021403677762,0.93173705605492,2019,"rotation1719","Betteraves sucrieres",582,2018,"rotation1719","Ble d'automne (sans ble fourrager de la liste swiss granum)",583,2017,"rotation1719","Colza d'automne destine a la fabrication d'huile comestible",593,2016,NA,NA,NA
"PestiRed","2.2",2020,"poi","PestiRed_2.2_2020","VD_2020_403948","Pois en grains (p.ex. pois proteagineux)",626,376.550430294774,0.465284048316348,0.832263343639672,0.781763997086231,2019,"rotation1719","Mais d'ensilage et mais vert",609,2018,"rotation1719","Ble d'automne (sans ble fourrager de la liste swiss granum)",583,2017,"rotation1719","Colza d'automne destine a la fabrication d'huile comestible",593,2016,NA,NA,NA
"PestiRed","5.1",2021,"poi","PestiRed_5.1_2021","142922","Autres prairies permanentes (sans les paturages)",549,528.215121163129,0.806650962291285,1.31139799623191,1.12965451028525,2020,NA,NA,NA,2019,"rotation1719","Colza d'automne destine a la fabrication d'huile comestible",593,2018,"rotation1719","Ble d'automne (sans ble fourrager de la liste swiss granum)",583,2017,"rotation1719","Mais d'ensilage et mais vert",609
"PestiRed","5.2",2021,"poi","PestiRed_5.2_2021","VD_2021_410227","Prairies artificielles (sans les paturages)",628,1011.73099684727,4.73648205163507,1.00660337408334,0.830831700007618,2020,NA,NA,NA,2019,"rotation1719","Pommes de terre",627,2018,"rotation1719","Ble d'automne (sans ble fourrager de la liste swiss granum)",583,2017,"rotation1719","Colza d'automne destine a la fabrication d'huile comestible",593
"PestiRed","6.1",2023,"poi","PestiRed_6.1_2023",NA,"Pois en grains (p.ex. pois proteagineux)",626,409.01704188749,1.00566318545784,1.01081471745204,1.02647124538571,2022,NA,"Prairies artificielles (sans les paturages)",628,2021,NA,"Prairies artificielles (sans les paturages)",628,2020,NA,"Prairies artificielles (sans les paturages)",628,2019,"rotation1719","Prairies artificielles (sans les paturages)",628
"PestiRed","6.2",2023,"poi","PestiRed_6.2_2023",NA,"Pois en grains (p.ex. pois proteagineux)",626,446.207698324735,1.02647124538571,1.09340538045019,1.17927320318286,2022,NA,"Prairies artificielles (sans les paturages)",628,2021,NA,"Prairies artificielles (sans les paturages)",628,2020,NA,"Prairies artificielles (sans les paturages)",628,2019,"rotation1719","Ble d'automne (sans ble fourrager de la liste swiss granum)",583
"PestiRed","9.1",2021,"poi","PestiRed_9.1_2021","VD_2021_110917","Jachere florale",602,568.362655631189,0.399944930904917,1.55518347628563,1.60731832706946,2020,"VD_2021_134895","Prairies extensives (sans les paturages)",554,2019,"rotation1719","Tournesol destine a la fabrication d'huile comestible",642,2018,"rotation1719","Racines de chicoree",630,2017,"rotation1719","Betteraves sucrieres",582
"PestiRed","9.2",2021,"poi","PestiRed_9.2_2021","VD_2021_165185","Prairies extensives (sans les paturages)",554,689.294818657789,1.29467395852841,1.5030486255018,1.50283305080272,2020,"VD_2021_134895","Prairies extensives (sans les paturages)",554,2019,"rotation1719","Colza d'automne destine a la fabrication d'huile comestible",593,2018,"rotation1719","Soja",635,2017,"rotation1719","Mais d'ensilage et mais vert",609
"PestiRed","12.1",2021,"poi","PestiRed_12.1_2021","VD_2021_100471","Pois en grains (p.ex. pois proteagineux)",626,511.816080672852,1.2882290200416,1.51993883851627,1.03450539840744,2020,"VD_2021_93797","Autres prairies permanentes (sans les paturages)",549,2019,"rotation1719","Mais d'ensilage et mais vert",609,2018,"rotation1719","Ble d'automne (sans ble fourrager de la liste swiss granum)",583,2017,"rotation1719","Prairies artificielles (sans les paturages)",628
"PestiRed","12.2",2021,"poi","PestiRed_12.2_2021","VD_2021_73538","Pois en grains (p.ex. pois proteagineux)",626,702.608582575666,1.29496015069932,1.06800801855695,1.40639048123369,2020,"VD_2021_122660","Ble d'automne (sans ble fourrager de la liste swiss granum)",583,2019,"rotation1719","Prairies artificielles (sans les paturages)",628,2018,"rotation1719","Prairies artificielles (sans les paturages)",628,2017,"rotation1719","Prairies artificielles (sans les paturages)",628
"PestiRed","56.1",2021,"poi","PestiRed_56.1_2021","GE_2021_172627","Pois en grains (p.ex. pois proteagineux)",626,595.527970212727,1.48296662301761,1.71924457263351,1.04893088316355,2020,"GE_2021_16918","Seigle",633,2019,"rotation1719","Colza d'automne destine a la fabrication d'huile comestible",593,2018,"rotation1719","Ble d'automne (sans ble fourrager de la liste swiss granum)",583,2017,"rotation1719","Tournesol destine a la fabrication d'huile comestible",642
"PestiRed","56.2",2021,"poi","PestiRed_56.2_2021","GE_2021_172630","Pois en grains (p.ex. pois proteagineux)",626,497.688767441031,1.27552992028617,1.36822330215871,0.644520351141598,2020,"GE_2021_8093","Soja",635,2019,"rotation1719","Soja",635,2018,"rotation1719","Orge d'automne",619,2017,"rotation1719","Ble d'automne (sans ble fourrager de la liste swiss granum)",583
"PestiRed","59.1",2023,"poi","PestiRed_59.1_2023",NA,"Meteil de haricots, de vesces, de pois, de pois chiches et de lupins avec des cereales ou de la cameline, au moins 30 % de legumineuses lors de la recolte (pour la production de grains)",613,457.122916713868,1.01893240438215,0.543260537019372,0.5447478454981,2022,NA,"Vignes",645,2021,NA,"Vignes",645,2020,NA,"Vignes",645,2019,"rotation1719","Ble d'automne (sans ble fourrager de la liste swiss granum)",583
"PestiRed","59.2",2023,"poi","PestiRed_59.2_2023",NA,"Meteil de haricots, de vesces, de pois, de pois chiches et de lupins avec des cereales ou de la cameline, au moins 30 % de legumineuses lors de la recolte (pour la production de grains)",613,513.904553984563,1.04207704753492,1.0016659295281,0.83909846743755,2022,NA,"Vignes",645,2021,NA,"Vignes",645,2020,NA,"Vignes",645,2019,"rotation1719","Ble d'automne (sans ble fourrager de la liste swiss granum)",583
"PestiRed","60.1",2021,"poi","PestiRed_60.1_2021","GE_2021_172881","Pois en grains (p.ex. pois proteagineux)",626,424.233157430343,1.13227225024085,0.503767074791843,0.492431256751198,2020,"GE_2021_4164","Tournesol destine a la fabrication d'huile comestible",642,2019,"rotation1719","Colza d'automne destine a la fabrication d'huile comestible",593,2018,"rotation1719","Ble d'automne (sans ble fourrager de la liste swiss granum)",583,2017,"rotation1719","Soja",635
"PestiRed","60.2",2021,"poi","PestiRed_60.2_2021","GE_2021_577","Pois en grains (p.ex. pois proteagineux)",626,780.521022232861,1.06801066159084,0.417903074914264,0.511996339195222,2020,"GE_2021_4164","Tournesol destine a la fabrication d'huile comestible",642,2019,"rotation1719","Tournesol destine a la fabrication d'huile comestible",642,2018,"rotation1719","Orge d'automne",619,2017,"rotation1719","Ble d'automne (sans ble fourrager de la liste swiss granum)",583
"PestiRed","64.1",2023,"poi","PestiRed_64.1_2023",NA,"Prairies artificielles (sans les paturages)",628,507.385866816777,1.40454276559502,0.79861834050715,0.973771908207052,2022,NA,"Betteraves sucrieres",582,2021,NA,"Betteraves sucrieres",582,2020,NA,"Betteraves sucrieres",582,2019,"rotation1719","Orge d'automne",619
"PestiRed","64.2",2023,"poi","PestiRed_64.2_2023",NA,"Pois en grains (p.ex. pois proteagineux)",626,628.349426436795,1.43302644395642,1.2937930034238,0.608541518487677,2022,NA,"Betteraves sucrieres",582,2021,NA,"Betteraves sucrieres",582,2020,NA,"Betteraves sucrieres",582,2019,"rotation1719","Orge d'automne",619
"PestiRed","4.1",2022,"poi","PestiRed_4.1_2022","VD_2022_64855","Pois en grains (p.ex. pois proteagineux)",626,683.084428387914,2.72444606409587,0.734554500641232,0.923198139328323,2021,"VD_2022_31731","Autres prairies permanentes (sans les paturages)",549,2020,"VD_2022_31731","Autres prairies permanentes (sans les paturages)",549,2019,"rotation1719","Colza d'automne destine a la fabrication d'huile comestible",593,2018,"rotation1719","Ble d'automne (sans ble fourrager de la liste swiss granum)",583
"PestiRed","4.2",2022,"poi","PestiRed_4.2_2022","VD_2022_428056","Pois en grains (p.ex. pois proteagineux)",626,484.842045453558,1.1218324701272,1.05254931640364,0.88033147324305,2021,"VD_2022_429258","Autres prairies permanentes (sans les paturages)",549,2020,"VD_2022_429258","Autres prairies permanentes (sans les paturages)",549,2019,"rotation1719","Prairies artificielles (sans les paturages)",628,2018,"rotation1719","Prairies artificielles (sans les paturages)",628
"PestiRed","58.1",2022,"poi","PestiRed_58.1_2022","GE_2022_176239","Pois en grains (p.ex. pois proteagineux)",626,429.479345536383,0.969270828228243,0.969270828228243,0.902042433365947,2021,"GE_2022_7678","Prairies artificielles (sans les paturages)",628,2020,"GE_2022_7678","Prairies artificielles (sans les paturages)",628,2019,"rotation1719","Autres terres ouvertes sans contributions",576,2018,"rotation1719","Soja",635
"PestiRed","58.2",2022,"poi","PestiRed_58.2_2022","GE_2022_7718","Pois en grains (p.ex. pois proteagineux)",626,449.353640311358,1.05471268612891,0.644773555978003,0.704653808849395,2021,"GE_2022_5884","Prairies extensives (sans les paturages)",554,2020,"GE_2022_5884","Prairies extensives (sans les paturages)",554,2019,"rotation1719","Soja",635,2018,"rotation1719","Orge d'automne",619
"PestiRed","7.1",2023,"pom","PestiRed_7.1_2023",NA,"Plants de pommes de terre (contrat de culture)",624,421.289372558955,0.970235907147825,0.8149508576205,0.856843574309349,2022,NA,"Orge d'automne",619,2021,NA,"Orge d'automne",619,2020,NA,"Orge d'automne",619,2019,"rotation1719","Ble d'automne (sans ble fourrager de la liste swiss granum)",583
"PestiRed","7.2",2023,"pom","PestiRed_7.2_2023",NA,"Plants de pommes de terre (contrat de culture)",624,605.718181127792,0.99608965497613,0.799263177088695,0.8443890456717,2022,NA,"Ble d'automne (sans ble fourrager de la liste swiss granum)",583,2021,NA,"Ble d'automne (sans ble fourrager de la liste swiss granum)",583,2020,NA,"Ble d'automne (sans ble fourrager de la liste swiss granum)",583,2019,"rotation1719","Ble d'automne (sans ble fourrager de la liste swiss granum)",583
"PestiRed","76.1",2023,"pom","PestiRed_76.1_2023",NA,"Pommes de terre",627,548.145080271828,1.71234039510062,0.767815293424018,0.764975889098708,2022,NA,"Colza d'automne destine a la fabrication d'huile comestible",593,2021,NA,"Colza d'automne destine a la fabrication d'huile comestible",593,2020,NA,NA,NA,2019,"rotation1719","Colza d'automne destine a la fabrication d'huile comestible",593
"PestiRed","76.2",2023,"pom","PestiRed_76.2_2023",NA,"Pommes de terre",627,534.245216577925,0.908973412676109,0.864966424327111,0.762136484773399,2022,NA,"Paturages (paturages attenants a la ferme, autres paturages sauf les paturages d'estivage)",545,2021,NA,"Paturages (paturages attenants a la ferme, autres paturages sauf les paturages d'estivage)",545,2020,NA,NA,NA,2019,"rotation1719","Colza d'automne destine a la fabrication d'huile comestible",593
