id,code,name,source,grp1,code_grp1,name_grp1,grp2,code_grp2,name_grp2
1,BTH,ble_tendre_hiver,rpg,1,ble,ble_tendre,1,BTH,ble_tendre_hiver
2,BTP,ble_tendre_printemps,rpg,1,ble,ble_tendre,2,BTP,ble_tendre_printemps
3,MID,mais_doux,rpg,2,mais,mais,3,MID,mais_doux
4,MIE,mais_ensilage,rpg,2,mais,mais,4,MIE,mais_ensilage
5,MIS,mais_grain_semence,rpg,2,mais,mais,5,MIS,mais_grain_semence
6,ORH,orge_hiver,rpg,3,orge,orge,6,ORH,orge_hiver
7,ORP,orge_printemps,rpg,3,orge,orge,7,ORP,orge_printemps
8,AVH,avoine_hiver,rpg,4,cer_2nd,autres_cereales,8,AVH,avoine_hiver
9,AVP,avoine_printemps,rpg,4,cer_2nd,autres_cereales,9,AVP,avoine_printemps
10,BDH,ble_dur_hiver,rpg,4,cer_2nd,autres_cereales,10,BDH,ble_dur_hiver
11,BDP,ble_dur_printemps,rpg,4,cer_2nd,autres_cereales,11,BDP,ble_dur_printemps
13,CAG,autre_cereale_autre_genre,rpg,4,cer_2nd,autres_cereales,12,cer_2nd,autres_cereales
15,CGH,autre_cereale_genre_phalaris,rpg,4,cer_2nd,autres_cereales,12,cer_2nd,autres_cereales
16,CGO,autre_cereale_genre_sorghum,rpg,4,cer_2nd,autres_cereales,12,cer_2nd,autres_cereales
19,MCR,melange_cereales,rpg,4,cer_2nd,autres_cereales,12,cer_2nd,autres_cereales
21,CHA,autre_cereale_hiver_genre_avena,rpg,4,cer_2nd,autres_cereales,13,cer_2nd_h,autres_cereales_hiver
22,CHH,autre_cereale_hiver_genre_hordeum,rpg,4,cer_2nd,autres_cereales,13,cer_2nd_h,autres_cereales_hiver
24,CHT,autre_cereale_hiver_genre_triticum,rpg,4,cer_2nd,autres_cereales,13,cer_2nd_h,autres_cereales_hiver
25,EPE,epeautre,rpg,4,cer_2nd,autres_cereales,13,cer_2nd_h,autres_cereales_hiver
26,SGH,seigle_hiver,rpg,4,cer_2nd,autres_cereales,13,cer_2nd_h,autres_cereales_hiver
27,CPA,autre_cereale_printemps_genre_avena,rpg,4,cer_2nd,autres_cereales,14,cer_2nd_p,autres_cereales_printemps
30,CPT,autre_cereale_printemps_genre_triticum,rpg,4,cer_2nd,autres_cereales,14,cer_2nd_p,autres_cereales_printemps
31,CPZ,autre_cereale_printemps_genre_zea,rpg,4,cer_2nd,autres_cereales,14,cer_2nd_p,autres_cereales_printemps
32,MCS,melange_cereales_printemps,rpg,4,cer_2nd,autres_cereales,14,cer_2nd_p,autres_cereales_printemps
33,MLT,millet,rpg,4,cer_2nd,autres_cereales,14,cer_2nd_p,autres_cereales_printemps
34,SGP,seigle_printemps,rpg,4,cer_2nd,autres_cereales,14,cer_2nd_p,autres_cereales_printemps
35,SRS,sarrasin,rpg,4,cer_2nd,autres_cereales,14,cer_2nd_p,autres_cereales_printemps
36,SOG,sorgho,rpg,4,cer_2nd,autres_cereales,15,SOG,sorgho
37,TTH,triticale_hiver,rpg,4,cer_2nd,autres_cereales,16,TTH,triticale_hiver
38,TTP,triticale_printemps,rpg,4,cer_2nd,autres_cereales,17,TTP,triticale_printemps
39,CZH,colza_hiver,rpg,5,colz,colza,18,CZH,colza_hiver
40,CZP,colza_printemps,rpg,5,colz,colza,19,olea,autres_oleagineux
41,TRN,tournesol,rpg,6,TRN,tournesol,20,TRN,tournesol
43,LIH,lin_non_textile_hiver,rpg,7,olea,autres_oleagineux,22,lin_non_text,lin_non_textile
44,LIP,lin_non_textile_printemps,rpg,7,olea,autres_oleagineux,22,lin_non_text,lin_non_textile
46,NVE,navette_ete,rpg,7,olea,autres_oleagineux,23,olea,autres_oleagineux
48,OAG,autre_oleagineux_autre_genre,rpg,7,olea,autres_oleagineux,23,olea,autres_oleagineux
49,OEH,autre_oleagineux_helianthus,rpg,7,olea,autres_oleagineux,23,olea,autres_oleagineux
50,OEI,oeillette,rpg,7,olea,autres_oleagineux,23,olea,autres_oleagineux
55,SOJ,soja,rpg,7,olea,autres_oleagineux,24,SOJ,soja
56,FEV,feve,rpg,8,prot,proteagineux,25,prot,proteagineux
57,FVL,feverole_avant_juin,rpg,8,prot,proteagineux,25,prot,proteagineux
58,FVP,feverole_printemps,rpg,8,prot,proteagineux,25,prot,proteagineux
60,LDH,lupin_doux_hiver,rpg,8,prot,proteagineux,25,prot,proteagineux
61,LDP,lupin_doux_printemps_avant_juin,rpg,8,prot,proteagineux,25,prot,proteagineux
63,MPC,melange_proteagineux_avant_juin,rpg,8,prot,proteagineux,25,prot,proteagineux
64,MPP,melange_proteagineux,rpg,8,prot,proteagineux,25,prot,proteagineux
66,PAG,autre_proteagineux_autre_genre,rpg,8,prot,proteagineux,25,prot,proteagineux
67,PHI,pois_hiver,rpg,8,prot,proteagineux,25,prot,proteagineux
68,PPR,pois_printemps_avant_juin,rpg,8,prot,proteagineux,25,prot,proteagineux
70,CHV,chanvre,rpg,9,plte_fb,plante_a_fibre,26,CHV,chanvre
71,CSE,chanvre_sans_etiquette,rpg,9,plte_fb,plante_a_fibre,26,CHV,chanvre
72,LIF,lin_fibres,rpg,9,plte_fb,plante_a_fibre,27,LIF,lin_fibres
73,J5M,jachere_temporaire,rpg,11,gel_sp,gel_sans_prod,28,gel_sp,gel_sans_prod
74,J6P,jachere_permanente,rpg,11,gel_sp,gel_sans_prod,28,gel_sp,gel_sans_prod
75,J6S,jachere_sie,rpg,11,gel_sp,gel_sans_prod,28,gel_sp,gel_sans_prod
76,JAC,jachere,rpg,11,gel_sp,gel_sans_prod,28,gel_sp,gel_sans_prod
77,JNO,jachere_noire,rpg,11,gel_sp,gel_sans_prod,28,gel_sp,gel_sans_prod
78,RIZ,riz,rpg,14,riz,riz,29,riz,riz
79,LEC,lentille_cultivee_non_fourragere,rpg,15,leg_gr,legumineuses_graines,30,leg_gr,legumineuses_graines
80,PCH,pois_chiche,rpg,15,leg_gr,legumineuses_graines,30,leg_gr,legumineuses_graines
81,AFG,autre_fourrage_annuel_autre,rpg,16,fou,fourrage,31,fou_autres,fourrage_autres
82,BVF,betterave_fourragere,rpg,16,fou,fourrage,31,fou_autres,fourrage_autres
84,CHF,chou_fourrager,rpg,16,fou,fourrage,31,fou_autres,fourrage_autres
85,FAG,autre_fourrage_annuel_autre_genre,rpg,16,fou,fourrage,31,fou_autres,fourrage_autres
86,FSG,autre_plante_fourragere_sarclee_autre_genre,rpg,16,fou,fourrage,31,fou_autres,fourrage_autres
89,RDF,radis_fourrager,rpg,16,fou,fourrage,31,fou_autres,fourrage_autres
90,CPL,fourrage_compose,rpg,16,fou,fourrage,32,fou_fabacees,fourrage_fabacees
92,FF6,feverole_fourragere_2016,rpg,16,fou,fourrage,32,fou_fabacees,fourrage_fabacees
93,FF7,feverole_fourragere_2017,rpg,16,fou,fourrage,32,fou_fabacees,fourrage_fabacees
95,FFO,autre_feverole_fourragere,rpg,16,fou,fourrage,32,fou_fabacees,fourrage_fabacees
96,GES,gesse,rpg,16,fou,fourrage,32,fou_fabacees,fourrage_fabacees
100,JO8,jarosse_2018,rpg,16,fou,fourrage,32,fou_fabacees,fourrage_fabacees
102,JOS,autre_jarosse,rpg,16,fou,fourrage,32,fou_fabacees,fourrage_fabacees
110,LOT,lotier,rpg,16,fou,fourrage,32,fou_fabacees,fourrage_fabacees
114,MC5,melange_leg_fou_2015,rpg,16,fou,fourrage,32,fou_fabacees,fourrage_fabacees
115,MC6,melange_leg_fou_2016,rpg,16,fou,fourrage,32,fou_fabacees,fourrage_fabacees
116,MC7,melange_leg_fou_2017_herb_entre_elles,rpg,16,fou,fourrage,32,fou_fabacees,fourrage_fabacees
117,MC8,melange_leg_fou_2018_herb_entre_elles,rpg,16,fou,fourrage,32,fou_fabacees,fourrage_fabacees
123,MEL,autre_melilot,rpg,16,fou,fourrage,32,fou_fabacees,fourrage_fabacees
124,MH5,melange_leg_fou_2015_herb,rpg,16,fou,fourrage,32,fou_fabacees,fourrage_fabacees
125,MH6,melange_leg_fou_2016_herb,rpg,16,fou,fourrage,32,fou_fabacees,fourrage_fabacees
126,MH7,melange_leg_fou_2017_herb,rpg,16,fou,fourrage,32,fou_fabacees,fourrage_fabacees
129,ML5,melange_leg_fou_2015_herb_entre_elles,rpg,16,fou,fourrage,32,fou_fabacees,fourrage_fabacees
130,ML6,melange_leg_fou_2016_herb_entre_elles,rpg,16,fou,fourrage,32,fou_fabacees,fourrage_fabacees
131,ML7,melange_leg_fou_2017_herb_entre_elles,rpg,16,fou,fourrage,32,fou_fabacees,fourrage_fabacees
132,ML8,melange_leg_fou_2018_herb_entre_elles,rpg,16,fou,fourrage,32,fou_fabacees,fourrage_fabacees
133,MLC,melange_leg_fou_cereale,rpg,16,fou,fourrage,32,fou_fabacees,fourrage_fabacees
134,MLD,melange_leg_deshyd_entre_elles,rpg,16,fou,fourrage,32,fou_fabacees,fourrage_fabacees
135,MLF,melange_leg_fou,rpg,16,fou,fourrage,32,fou_fabacees,fourrage_fabacees
136,MLG,melange_legumineuses_preponderantes_au_semis_graminees_fourrageres_temporaire,rpg,16,fou,fourrage,32,fou_fabacees,fourrage_fabacees
137,MLS,melange_legumineuses_non_fourrageres_prep,rpg,16,fou,fourrage,32,fou_fabacees,fourrage_fabacees
138,PFH,autre_pois_fourrager_hiver,rpg,16,fou,fourrage,32,fou_fabacees,fourrage_fabacees
139,PFP,autre_pois_fourrager_printemps,rpg,16,fou,fourrage,32,fou_fabacees,fourrage_fabacees
141,PH6,pois_fourrager_hiver_2016,rpg,16,fou,fourrage,32,fou_fabacees,fourrage_fabacees
143,PH8,pois_fourrager_hiver_2018,rpg,16,fou,fourrage,32,fou_fabacees,fourrage_fabacees
144,PP5,pois_fourrager_printemps_2015,rpg,16,fou,fourrage,32,fou_fabacees,fourrage_fabacees
145,PP6,pois_fourrager_printemps_2016,rpg,16,fou,fourrage,32,fou_fabacees,fourrage_fabacees
147,SA5,sainfoin_2015,rpg,16,fou,fourrage,32,fou_fabacees,fourrage_fabacees
148,SA6,sainfoin_2016,rpg,16,fou,fourrage,32,fou_fabacees,fourrage_fabacees
149,SA7,sainfoin_2017,rpg,16,fou,fourrage,32,fou_fabacees,fourrage_fabacees
151,SAI,autre_sainfoin,rpg,16,fou,fourrage,32,fou_fabacees,fourrage_fabacees
157,TR5,trefle_2015,rpg,16,fou,fourrage,32,fou_fabacees,fourrage_fabacees
158,TR6,trefle_2016,rpg,16,fou,fourrage,32,fou_fabacees,fourrage_fabacees
159,TR7,trefle_2017,rpg,16,fou,fourrage,32,fou_fabacees,fourrage_fabacees
160,TR8,trefle_2018,rpg,16,fou,fourrage,32,fou_fabacees,fourrage_fabacees
161,TRD,trefle_deshyd,rpg,16,fou,fourrage,32,fou_fabacees,fourrage_fabacees
162,TRE,autre_trefle,rpg,16,fou,fourrage,32,fou_fabacees,fourrage_fabacees
163,VE5,vesce_2015,rpg,16,fou,fourrage,32,fou_fabacees,fourrage_fabacees
164,VE6,vesce_2016,rpg,16,fou,fourrage,32,fou_fabacees,fourrage_fabacees
168,VES,autre_vesce,rpg,16,fou,fourrage,32,fou_fabacees,fourrage_fabacees
169,DTY,dactyle_temporaire,rpg,16,fou,fourrage,33,fou_poacees,fourrage_poacees
170,FET,fetuque_temporaire,rpg,16,fou,fourrage,33,fou_poacees,fourrage_poacees
171,FLO,fleole_temporaire,rpg,16,fou,fourrage,33,fou_poacees,fourrage_poacees
172,GFP,autre_graminee_fourragere_pure_temporaire,rpg,16,fou,fourrage,33,fou_poacees,fourrage_poacees
173,MOH,moha,rpg,16,fou,fourrage,33,fou_poacees,fourrage_poacees
174,PAT,paturin_temporaire,rpg,16,fou,fourrage,33,fou_poacees,fourrage_poacees
176,LU5,luzerne_2015,rpg,16,fou,fourrage,34,LU,luzerne
177,LU6,luzerne_2016,rpg,16,fou,fourrage,34,LU,luzerne
178,LU7,luzerne_2017,rpg,16,fou,fourrage,34,LU,luzerne
179,LU8,luzerne_2018,rpg,16,fou,fourrage,34,LU,luzerne
180,LUD,luzerne_deshyd,rpg,16,fou,fourrage,34,LU,luzerne
181,LUZ,autre_luzerne,rpg,16,fou,fourrage,34,LU,luzerne
182,BOP,bois_pature,rpg,17,esti,estives_landes,35,esti,estives_landes
183,SIN,surface_pastorale_non_utilise,rpg,17,esti,estives_landes,35,esti,estives_landes
184,SPH,surface_pastorale_herbe_predominante,rpg,17,esti,estives_landes,35,esti,estives_landes
185,SPL,surface_pastorale_fourrageres_ligneuses_predominantes,rpg,17,esti,estives_landes,35,esti,estives_landes
186,PPH,prairie_permanente_herbe_predominante,rpg,18,pp,prairies_permanentes,36,pp,prairies_permanentes
187,PRL,prairie_en_rotation_longue,rpg,18,pp,prairies_permanentes,36,pp,prairies_permanentes
188,PTR,autre_prairie_temporaire,rpg,19,pt,prairies_temporaires,37,pt,prairies_temporaires
189,RGA,ray_grass_temporaire,rpg,19,pt,prairies_temporaires,37,pt,prairies_temporaires
190,AGR,agrume,rpg,20,verg,vergers,38,verg,vergers
204,CBT,cerise_bigarreau_transfo,rpg,20,verg,vergers,38,verg,vergers
205,PFR,petit_fruit_rouge,rpg,20,verg,vergers,38,verg,vergers
206,PRU,prune_ente_transfo,rpg,20,verg,vergers,38,verg,vergers
207,PVT,peche_pavie_transfo,rpg,20,verg,vergers,38,verg,vergers
208,PWT,poire_williams_transfo,rpg,20,verg,vergers,38,verg,vergers
210,VRG,verger,rpg,20,verg,vergers,38,verg,vergers
211,RVI,restructuration_vignoble,rpg,21,vign,vignes,39,vign,vignes
212,VRC,vigne_cuve,rpg,21,vign,vignes,39,vign,vignes
213,VRN,vigne_cuve_non_prod,rpg,21,vign,vignes,39,vign,vignes
214,VRT,vigne_table,rpg,21,vign,vignes,39,vign,vignes
216,CTG,chataigne,rpg,22,fruit_coq,fruits_a_coque,40,fruit_coq,fruits_a_coque
217,NOS,noisette,rpg,22,fruit_coq,fruits_a_coque,40,fruit_coq,fruits_a_coque
218,NOX,noix,rpg,22,fruit_coq,fruits_a_coque,40,fruit_coq,fruits_a_coque
219,PIS,pistache,rpg,22,fruit_coq,fruits_a_coque,40,fruit_coq,fruits_a_coque
220,OLI,oliveraie,rpg,23,oliv,oliviers,41,oliv,oliviers
221,AAR,plante_a_non_perennes,rpg,24,a_indus,autres_cult_indus,42,a_indus,autres_cult_indus
222,AME,plante_a_parfum_medicinale_non_perenne,rpg,24,a_indus,autres_cult_indus,42,a_indus,autres_cult_indus
223,ANE,aneth,rpg,24,a_indus,autres_cult_indus,42,a_indus,autres_cult_indus
224,ANG,angelique,rpg,24,a_indus,autres_cult_indus,42,a_indus,autres_cult_indus
226,ARP,plante_aromatique_perenne_autre_que_vanille,rpg,24,a_indus,autres_cult_indus,42,a_indus,autres_cult_indus
228,BAS,basilic,rpg,24,a_indus,autres_cult_indus,42,a_indus,autres_cult_indus
229,BRH,bourrache_temporaire,rpg,24,a_indus,autres_cult_indus,42,a_indus,autres_cult_indus
233,CML,cameline,rpg,24,a_indus,autres_cult_indus,42,a_indus,autres_cult_indus
234,CMM,camomille,rpg,24,a_indus,autres_cult_indus,42,a_indus,autres_cult_indus
235,CRD,coriandre,rpg,24,a_indus,autres_cult_indus,42,a_indus,autres_cult_indus
237,CUM,cumin,rpg,24,a_indus,autres_cult_indus,42,a_indus,autres_cult_indus
240,FNO,fenouil,rpg,24,a_indus,autres_cult_indus,42,a_indus,autres_cult_indus
242,HBL,houblon,rpg,24,a_indus,autres_cult_indus,42,a_indus,autres_cult_indus
243,LAV,lavande_lavandin,rpg,24,a_indus,autres_cult_indus,42,a_indus,autres_cult_indus
244,MAV,mauve,rpg,24,a_indus,autres_cult_indus,42,a_indus,autres_cult_indus
245,MLI,melisse,rpg,24,a_indus,autres_cult_indus,42,a_indus,autres_cult_indus
247,MOT,moutarde,rpg,24,a_indus,autres_cult_indus,42,a_indus,autres_cult_indus
248,MRJ,marjolaine_origan,rpg,24,a_indus,autres_cult_indus,42,a_indus,autres_cult_indus
249,MTH,menthe,rpg,24,a_indus,autres_cult_indus,42,a_indus,autres_cult_indus
250,ORT,ortie,rpg,24,a_indus,autres_cult_indus,42,a_indus,autres_cult_indus
254,PME,plante_medicinale_perenne,rpg,24,a_indus,autres_cult_indus,42,a_indus,autres_cult_indus
255,PPA,autre_plante_a_parfum_aromatique_medicinale_annuelle,rpg,24,a_indus,autres_cult_indus,42,a_indus,autres_cult_indus
257,PPP,autre_plante_a_parfum_aromatique_medicinale_perenne,rpg,24,a_indus,autres_cult_indus,42,a_indus,autres_cult_indus
258,PRF,plante_a_parfum_perenne,rpg,24,a_indus,autres_cult_indus,42,a_indus,autres_cult_indus
259,PSL,persil,rpg,24,a_indus,autres_cult_indus,42,a_indus,autres_cult_indus
260,PSN,psyllium_noir_provence,rpg,24,a_indus,autres_cult_indus,42,a_indus,autres_cult_indus
261,PSY,plantain_psyllium,rpg,24,a_indus,autres_cult_indus,42,a_indus,autres_cult_indus
262,ROM,romarin,rpg,24,a_indus,autres_cult_indus,42,a_indus,autres_cult_indus
263,SGE,sauge,rpg,24,a_indus,autres_cult_indus,42,a_indus,autres_cult_indus
264,SRI,sarriette,rpg,24,a_indus,autres_cult_indus,42,a_indus,autres_cult_indus
265,TAB,tabac,rpg,24,a_indus,autres_cult_indus,42,a_indus,autres_cult_indus
266,THY,thym,rpg,24,a_indus,autres_cult_indus,42,a_indus,autres_cult_indus
267,TOT,tomate_transfo,rpg,24,a_indus,autres_cult_indus,42,a_indus,autres_cult_indus
273,BTN,betterave_non_fourragere,rpg,24,a_indus,autres_cult_indus,43,BTN,betterave_non_fourragere
274,AIL,ail,rpg,25,leg_fl,legumes_fleurs,44,leg_fl,legumes_fleurs
275,ART,artichaut,rpg,25,leg_fl,legumes_fleurs,44,leg_fl,legumes_fleurs
276,AUB,aubergine,rpg,25,leg_fl,legumes_fleurs,44,leg_fl,legumes_fleurs
279,CAR,carotte,rpg,25,leg_fl,legumes_fleurs,44,leg_fl,legumes_fleurs
280,CCN,concombre_cornichon,rpg,25,leg_fl,legumes_fleurs,44,leg_fl,legumes_fleurs
281,CCT,courgette_citrouille,rpg,25,leg_fl,legumes_fleurs,44,leg_fl,legumes_fleurs
282,CEL,celeri,rpg,25,leg_fl,legumes_fleurs,44,leg_fl,legumes_fleurs
283,CES,chicoree_endive_scarole,rpg,25,leg_fl,legumes_fleurs,44,leg_fl,legumes_fleurs
284,CHU,chou,rpg,25,leg_fl,legumes_fleurs,44,leg_fl,legumes_fleurs
285,CMB,courge_musquee_butternut,rpg,25,leg_fl,legumes_fleurs,44,leg_fl,legumes_fleurs
289,CSS,culture_sous_serre_hors_sol,rpg,25,leg_fl,legumes_fleurs,44,leg_fl,legumes_fleurs
291,EPI,epinard,rpg,25,leg_fl,legumes_fleurs,44,leg_fl,legumes_fleurs
292,FLA,autre_legume_ou_fruit_annuel,rpg,25,leg_fl,legumes_fleurs,44,leg_fl,legumes_fleurs
293,FLP,autre_legume_ou_fruit_perenne,rpg,25,leg_fl,legumes_fleurs,44,leg_fl,legumes_fleurs
294,FRA,fraise,rpg,25,leg_fl,legumes_fleurs,44,leg_fl,legumes_fleurs
296,HPC,horticulture_ornementale_plein_champ,rpg,25,leg_fl,legumes_fleurs,44,leg_fl,legumes_fleurs
298,LBF,salade,rpg,25,leg_fl,legumes_fleurs,44,leg_fl,legumes_fleurs
301,MDI,maraichage_divers,rpg,25,leg_fl,legumes_fleurs,44,leg_fl,legumes_fleurs
303,NVT,navet,rpg,25,leg_fl,legumes_fleurs,44,leg_fl,legumes_fleurs
304,OIG,oignon_echalote,rpg,25,leg_fl,legumes_fleurs,44,leg_fl,legumes_fleurs
305,PAN,panais,rpg,25,leg_fl,legumes_fleurs,44,leg_fl,legumes_fleurs
307,PAS,pasteque,rpg,25,leg_fl,legumes_fleurs,44,leg_fl,legumes_fleurs
308,PHF,pois_haricot_frais,rpg,25,leg_fl,legumes_fleurs,44,leg_fl,legumes_fleurs
309,PHS,pois_haricot_sec,rpg,25,leg_fl,legumes_fleurs,44,leg_fl,legumes_fleurs
311,POR,poireau,rpg,25,leg_fl,legumes_fleurs,44,leg_fl,legumes_fleurs
312,POT,potiron_potimarron,rpg,25,leg_fl,legumes_fleurs,44,leg_fl,legumes_fleurs
314,PVP,poivron_piment,rpg,25,leg_fl,legumes_fleurs,44,leg_fl,legumes_fleurs
315,RDI,radis,rpg,25,leg_fl,legumes_fleurs,44,leg_fl,legumes_fleurs
316,ROQ,roquette,rpg,25,leg_fl,legumes_fleurs,44,leg_fl,legumes_fleurs
319,TOM,tomate,rpg,25,leg_fl,legumes_fleurs,44,leg_fl,legumes_fleurs
320,TOP,topinambour,rpg,25,leg_fl,legumes_fleurs,44,leg_fl,legumes_fleurs
322,HAR,haricot_flageolet,rpg,25,leg_fl,legumes_fleurs,45,HAR,haricot_flageolet
323,MLO,melon,rpg,25,leg_fl,legumes_fleurs,46,MLO,melon
324,PPO,petits_pois,rpg,25,leg_fl,legumes_fleurs,47,PPO,petits_pois
325,PTC,pomme_terre_conso,rpg,25,leg_fl,legumes_fleurs,48,PDT,pomme_de_terre
333,ACP,autre_culture_perenne,rpg,28,div,divers,50,div,divers
337,BRO,brome_temporaire,rpg,28,div,divers,50,div,divers
340,CEE,chenaie_entretenue,rpg,28,div,divers,50,div,divers
341,CID,cultures_interrangs_2cultures,rpg,28,div,divers,50,div,divers
346,GRA,graminee_gazon_semence,rpg,28,div,divers,50,div,divers
347,MCT,miscanthus,rpg,28,div,divers,50,div,divers
348,MPA,autre_melange_plantes_n,rpg,28,div,divers,50,div,divers
350,MSW,culture_perenne_biomass,rpg,28,div,divers,50,div,divers
351,NYG,nyger,rpg,28,div,divers,50,div,divers
352,PCL,phacelie_temporaire,rpg,28,div,divers,50,div,divers
353,PEP,pepiniere,rpg,28,div,divers,50,div,divers
354,PEV,pepiniere_jeune,rpg,28,div,divers,50,div,divers
355,ROS,roseliere,rpg,28,div,divers,50,div,divers
357,SBO,surface_boisee_sur_une_ancienne_terre_agricole,rpg,28,div,divers,50,div,divers
360,SNE,surface_agricole_temporairement_non_exploitee,rpg,28,div,divers,50,div,divers
361,SNU,parc_elevage_couvert_degrade,rpg,28,div,divers,50,div,divers
363,TCR,taillis_courte_rotation,rpg,28,div,divers,50,div,divers
364,TRU,truffiere_chenaie_plants_mycorhizes,rpg,28,div,divers,50,div,divers
401,VRC,Vigne,adrien,20,verg,vergers,38,verg,vergers
402,VRG,verger,claire,20,verg,vergers,38,verg,vergers
403,VRG,olivier,claire,20,verg,vergers,38,verg,vergers
404,VRG,poirier,claire,20,verg,vergers,38,verg,vergers
405,VRG,pommier,claire,20,verg,vergers,38,verg,vergers
501,ZZZ,"Autres surfaces dans la SAU, avec contributions",nutzung,28,div,divers,50,div,divers
502,ZZZ,"Autres surfaces dans la SAU, sans contributions",nutzung,28,div,divers,50,div,divers
503,FLA,Asperges,nutzung,25,leg_fl,legumes_fleurs,44,leg_fl,legumes_fleurs
504,PEP,"Autres pepinieres (roses, fruits, etc.)",nutzung,28,div,divers,50,div,divers
505,PEP,"Autres pepinieres (rosiers, plantes ornementales, etc.)",nutzung,28,div,divers,50,div,divers
506,ACP,"Autres surfaces de cultures perennes, avec contributions",nutzung,28,div,divers,50,div,divers
507,ACP,"Autres surfaces de cultures perennes, avec contributions, agregee",nutzung,28,div,divers,50,div,divers
508,ACP,"Autres surfaces de cultures perennes, sans contributions",nutzung,28,div,divers,50,div,divers
509,PFR,Baies pluriannuelles,nutzung,20,verg,vergers,38,verg,vergers
510,HPC,"Buissons, arbrisseaux et arbustes ornementaux",nutzung,25,leg_fl,legumes_fleurs,44,leg_fl,legumes_fleurs
511,ZZZ,Champignons en pleine terre,nutzung,28,div,divers,50,div,divers
515,HBL,Houblon,nutzung,24,a_indus,autres_cult_indus,42,a_indus,autres_cult_indus
519,PEP,Pepinieres viticoles,nutzung,28,div,divers,50,div,divers
520,ZZZ,Permaculture,nutzung,28,div,divers,50,div,divers
521,PPP,Plantes aromatiques et plantes medicinales pluriannuelles,nutzung,24,a_indus,autres_cult_indus,42,a_indus,autres_cult_indus
522,FLP,Rhubarbe,nutzung,25,leg_fl,legumes_fleurs,44,leg_fl,legumes_fleurs
523,HPC,Sapins de Noel,nutzung,25,leg_fl,legumes_fleurs,44,leg_fl,legumes_fleurs
524,TRU,Truffieres,nutzung,28,div,divers,50,div,divers
525,VRG,"Autres cultures fruitieres (kiwis, sureau, etc.)",nutzung,20,verg,vergers,38,verg,vergers
526,VRG,Cultures fruitieres (fruits a noyau),nutzung,20,verg,vergers,38,verg,vergers
527,PWT,Cultures fruitieres (poires),nutzung,20,verg,vergers,38,verg,vergers
528,VRG,Cultures fruitieres (pommes),nutzung,20,verg,vergers,38,verg,vergers
529,VRG,Cultures fruitieres agregee,nutzung,20,verg,vergers,38,verg,vergers
534,ZZZ,Autres cultures speciales sous abri sans fondations permanentes,nutzung,28,div,divers,50,div,divers
537,MDI,Cultures maraicheres sous abri avec fondations permanentes,nutzung,25,leg_fl,legumes_fleurs,44,leg_fl,legumes_fleurs
538,MDI,Cultures maraicheres sous abri sans fondations permanentes,nutzung,25,leg_fl,legumes_fleurs,44,leg_fl,legumes_fleurs
540,MDI,Cultures maraicheres sous abri sans fondations permanentes; sur sol naturel,nutzung,25,leg_fl,legumes_fleurs,44,leg_fl,legumes_fleurs
541,ZZZ,"Cultures sous abri sans fondations permanentes, avec contributions, agregee",nutzung,28,div,divers,50,div,divers
543,BOR,"Haies, bosquets champetres et berges boisees (avec la bande herbeuse)",nutzung,28,div,divers,50,div,divers
544,BOR,"Haies, bosquets champetres et berges boisees (avec la bande tampon) (Surfaces de promotion de la biodiversite specifiques a la region)",nutzung,28,div,divers,50,div,divers
545,PPH,"Paturages (paturages attenants a la ferme, autres paturages sauf les paturages d'estivage)",nutzung,18,pp,prairies_permanentes,36,pp,prairies_permanentes
547,PPH,Paturages extensifs,nutzung,18,pp,prairies_permanentes,36,pp,prairies_permanentes
548,PPH,Surfaces de promotion de la biodiversite specifiques a la region (paturages),nutzung,18,pp,prairies_permanentes,36,pp,prairies_permanentes
549,PPH,Autres prairies permanentes (sans les paturages),nutzung,18,pp,prairies_permanentes,36,pp,prairies_permanentes
550,PPH,Autres surfaces herbageres (surface herbagere permanente) avec contributions,nutzung,18,pp,prairies_permanentes,36,pp,prairies_permanentes
551,PPH,Autres surfaces herbageres (surface herbagere permanente) sans contributions,nutzung,18,pp,prairies_permanentes,36,pp,prairies_permanentes
554,PPH,Prairies extensives (sans les paturages),nutzung,18,pp,prairies_permanentes,36,pp,prairies_permanentes
555,PPH,Prairies peu intensives (sans les paturages),nutzung,18,pp,prairies_permanentes,36,pp,prairies_permanentes
556,PPH,Prairies riveraines (sauf les paturages),nutzung,18,pp,prairies_permanentes,36,pp,prairies_permanentes
557,PPH,Prairies riveraines d'un cours d'eau (sauf les paturages),nutzung,18,pp,prairies_permanentes,36,pp,prairies_permanentes
558,PPH,"Surfaces de promotion de la biodiversite specifiques a la region (Surface herbagere, sauf les paturages)",nutzung,18,pp,prairies_permanentes,36,pp,prairies_permanentes
559,SPH,Paturages d'estivage,nutzung,17,esti,estives_landes,35,esti,estives_landes
560,ZZZ,Surfaces a litiere dans la SAU,nutzung,28,div,divers,50,div,divers
571,CHT,"Amidonnier, engrain",nutzung,4,cer_2nd,autres_cereales,13,cer_2nd_h,autres_cereales_hiver
572,CHV,Autre chanvre,nutzung,9,plte_fb,plante_a_fibre,26,CHV,chanvre
573,PRL,Autres prairies artificielles donnant droit aux contributions (p.ex. paturages pour porcs et volaille),nutzung,18,pp,prairies_permanentes,36,pp,prairies_permanentes
574,ZZZ,Autres terres ouvertes avec contributions,nutzung,28,div,divers,50,div,divers
575,ZZZ,Autres terres ouvertes ne donnant pas droit aux contributions (surfaces de promotion de la biodiversite specifiques a la region),nutzung,28,div,divers,50,div,divers
576,ZZZ,Autres terres ouvertes sans contributions,nutzung,28,div,divers,50,div,divers
577,MLF,"avec des cereales ou de la cameline, au moins 30 % de lentilles lors de la recolte (pour la production de grains)",nutzung,16,fou,fourrage,32,fou_fabacees,fourrage_fabacees
578,AVP,Avoine,nutzung,4,cer_2nd,autres_cereales,9,AVP,avoine_printemps
579,FRA,Baies annuelles (p.ex. fraises),nutzung,25,leg_fl,legumes_fleurs,44,leg_fl,legumes_fleurs
580,BFS,Bande culturale extensive,nutzung,28,div,divers,50,div,divers
581,BVF,Betteraves fourrageres,nutzung,16,fou,fourrage,31,fou_autres,fourrage_autres
582,BTN,Betteraves sucrieres,nutzung,24,a_indus,autres_cult_indus,43,BTN,betterave_non_fourragere
583,BDH,Ble d'automne (sans ble fourrager de la liste swiss granum),nutzung,4,cer_2nd,autres_cereales,10,BDH,ble_dur_hiver
584,BDP,Ble de printemps (sans ble fourrager de la liste swiss granum),nutzung,4,cer_2nd,autres_cereales,11,BDP,ble_dur_printemps
585,BDH,Ble dur,nutzung,4,cer_2nd,autres_cereales,10,BDH,ble_dur_hiver
586,BTH,Ble fourrager selon liste swiss granum,nutzung,1,ble,ble_tendre,1,BTH,ble_tendre_hiver
587,CML,Cameline,nutzung,24,a_indus,autres_cult_indus,42,a_indus,autres_cult_indus
589,MIE,Cereales ensilees,nutzung,2,mais,mais,4,MIE,mais_ensilage
592,CZH,Colza d'automne comme matiere premiere renouvelable,nutzung,5,colz,colza,18,CZH,colza_hiver
593,CZH,Colza d'automne destine a la fabrication d'huile comestible,nutzung,5,colz,colza,18,CZH,colza_hiver
595,CZP,Colza de printemps destine a la fabrication d'huile comestible,nutzung,5,colz,colza,19,olea,autres_oleagineux
596,CMB,Courges a huile,nutzung,25,leg_fl,legumes_fleurs,44,leg_fl,legumes_fleurs
597,HPC,"Cultures horticoles annuelles de plein champ (fleurs, gazon en rouleaux, etc.)",nutzung,25,leg_fl,legumes_fleurs,44,leg_fl,legumes_fleurs
598,MDI,Cultures maraicheres de plein champ annuelles (sauf les legumes de conserve),nutzung,25,leg_fl,legumes_fleurs,44,leg_fl,legumes_fleurs
599,EPE,Epeautre,nutzung,4,cer_2nd,autres_cereales,13,cer_2nd_h,autres_cereales_hiver
600,GFP,Graminees fourrageres destinees a la production de semences (contrat de culture),nutzung,16,fou,fourrage,33,fou_poacees,fourrage_poacees
601,FFO,Haricots et vesces en grains (p.ex. feveroles),nutzung,16,fou,fourrage,32,fou_fabacees,fourrage_fabacees
602,JAC,Jachere florale,nutzung,11,gel_sp,gel_sans_prod,28,gel_sp,gel_sans_prod
603,JAC,Jachere tournante,nutzung,11,gel_sp,gel_sans_prod,28,gel_sp,gel_sans_prod
604,FLA,Legumes de conserve cultives en plein champ,nutzung,25,leg_fl,legumes_fleurs,44,leg_fl,legumes_fleurs
605,MLF,Legumineuses fourrageres destinees a la production de semences (contrat de culture),nutzung,16,fou,fourrage,32,fou_fabacees,fourrage_fabacees
606,LEC,Lentilles,nutzung,15,leg_gr,legumineuses_graines,30,leg_gr,legumineuses_graines
607,LIF,Lin,nutzung,9,plte_fb,plante_a_fibre,27,LIF,lin_fibres
608,LFP,Lupins,nutzung,16,fou,fourrage,32,fou_fabacees,fourrage_fabacees
609,MIE,Mais d'ensilage et mais vert,nutzung,2,mais,mais,4,MIE,mais_ensilage
610,MIS,Mais grain,nutzung,2,mais,mais,5,MIS,mais_grain_semence
611,MLC,Meteil de cereales fourrageres,nutzung,16,fou,fourrage,32,fou_fabacees,fourrage_fabacees
612,MCR,Meteil de cereales panifiables,nutzung,4,cer_2nd,autres_cereales,12,cer_2nd,autres_cereales
613,MLC,"Meteil de haricots, de vesces, de pois, de pois chiches et de lupins avec des cereales ou de la cameline, au moins 30 % de legumineuses lors de la recolte (pour la production de grains)",nutzung,16,fou,fourrage,32,fou_fabacees,fourrage_fabacees
614,MLC,"Meteil de lentilles avec des cereales ou de la cameline, au moins 30 % de lentilles lors de la recolte (pour la production de grains)",nutzung,16,fou,fourrage,32,fou_fabacees,fourrage_fabacees
615,MLT,Millet,nutzung,4,cer_2nd,autres_cereales,14,cer_2nd_p,autres_cereales_printemps
616,MLT,Millet grains,nutzung,4,cer_2nd,autres_cereales,14,cer_2nd_p,autres_cereales_printemps
618,MOT,Moutarde,nutzung,24,a_indus,autres_cult_indus,42,a_indus,autres_cult_indus
619,ORH,Orge d'automne,nutzung,3,orge,orge,6,ORH,orge_hiver
620,ORP,Orge de printemps,nutzung,3,orge,orge,7,ORP,orge_printemps
621,BOR,Ourlet sur terres assolees,nutzung,28,div,divers,50,div,divers
622,ZZZ,Pavot,nutzung,28,div,divers,50,div,divers
623,PPA,Plantes aromatiques et medicinales annuelles,nutzung,24,a_indus,autres_cult_indus,42,a_indus,autres_cult_indus
624,PTC,Plants de pommes de terre (contrat de culture),nutzung,25,leg_fl,legumes_fleurs,48,PDT,pomme_de_terre
625,PCH,Pois chiches,nutzung,15,leg_gr,legumineuses_graines,30,leg_gr,legumineuses_graines
626,PFH,Pois en grains (p.ex. pois proteagineux),nutzung,16,fou,fourrage,32,fou_fabacees,fourrage_fabacees
627,PTC,Pommes de terre,nutzung,25,leg_fl,legumes_fleurs,48,PDT,pomme_de_terre
628,PTR,Prairies artificielles (sans les paturages),nutzung,19,pt,prairies_temporaires,37,pt,prairies_temporaires
629,CAG,Quinoa,nutzung,4,cer_2nd,autres_cereales,12,cer_2nd,autres_cereales
630,CES,Racines de chicoree,nutzung,25,leg_fl,legumes_fleurs,44,leg_fl,legumes_fleurs
631,RIZ,Riz,nutzung,14,riz,riz,29,riz,riz
632,SRS,Sarrasin,nutzung,4,cer_2nd,autres_cereales,14,cer_2nd_p,autres_cereales_printemps
633,SGH,Seigle,nutzung,4,cer_2nd,autres_cereales,13,cer_2nd_h,autres_cereales_hiver
635,SOJ,Soja,nutzung,7,olea,autres_oleagineux,24,SOJ,soja
636,SOG,Sorgho,nutzung,4,cer_2nd,autres_cereales,15,SOG,sorgho
637,SOG,Sorgho grains,nutzung,4,cer_2nd,autres_cereales,15,SOG,sorgho
638,SOG,Sorgho plante entiere,nutzung,4,cer_2nd,autres_cereales,15,SOG,sorgho
639,TAB,Tabac,nutzung,24,a_indus,autres_cult_indus,42,a_indus,autres_cult_indus
641,TRN,Tournesol comme matiere premiere renouvelable,nutzung,6,TRN,tournesol,20,TRN,tournesol
642,TRN,Tournesol destine a la fabrication d'huile comestible,nutzung,6,TRN,tournesol,20,TRN,tournesol
643,TTH,Triticale,nutzung,4,cer_2nd,autres_cereales,16,TTH,triticale_hiver
644,VRC,Surfaces viticoles presentant une biodiversite naturelle,nutzung,21,vign,vignes,39,vign,vignes
645,VRC,Vignes,nutzung,21,vign,vignes,39,vign,vignes
1001,,Sealed,clcplus,NA,NA,NA,NA,NA,NA
1002,,Woody needle leaved trees,clcplus,NA,NA,NA,NA,NA,NA
1003,,Woody Broadleaved deciduous trees,clcplus,NA,NA,NA,NA,NA,NA
1004,,Woody Broadleaved evergreen trees,clcplus,NA,NA,NA,NA,NA,NA
1005,,Low-growing woody plants,clcplus,NA,NA,NA,NA,NA,NA
1006,,Permanent herbaceous,clcplus,NA,NA,NA,NA,NA,NA
1007,,Periodically herbaceous,clcplus,NA,NA,NA,NA,NA,NA
1009,,Non and sparsely vegetated,clcplus,NA,NA,NA,NA,NA,NA
1010,,Water,clcplus,NA,NA,NA,NA,NA,NA
